,Request Id,request_model_execution_time,cdf
0,0,25.742954030535195,0.0005
1,1,25.916975442472125,0.001
2,2,26.83531770438961,0.0015
3,3,26.839056120653975,0.002
4,4,26.84140100091833,0.0025
5,5,27.084386286749233,0.003
6,6,27.145142559232927,0.0035
7,7,27.74644377108719,0.004
8,8,28.264132299906805,0.0045
9,9,28.266452860171164,0.005
10,10,28.99261205970015,0.0055
11,11,28.99543809998991,0.006
12,12,29.20738386125513,0.0065
13,13,29.209747693544887,0.007
14,14,29.61969037791891,0.0075
15,15,30.30851016370566,0.008
16,16,32.51886027163743,0.0085
17,17,32.97780842008783,0.009
18,18,33.471996803934374,0.0095
19,19,33.89900979440019,0.01
20,20,33.90271808962328,0.0105
21,21,33.98145350878287,0.011
22,22,34.060619300867145,0.0115
23,23,34.24808127071304,0.012
24,24,34.461473206304824,0.0125
25,25,34.53772710292243,0.013
26,26,35.920889190172865,0.0135
27,27,36.273587065757226,0.014
28,28,36.76606982504489,0.0145
29,29,36.91153804768846,0.015
30,30,37.29383315316998,0.0155
31,31,37.702353061257746,0.016
32,32,38.27790307122987,0.0165
33,33,38.30147094322988,0.017
34,34,38.32373724722988,0.0175
1999,1999,39.017647703171534,0.018
1998,1998,39.06373979713171,0.0185
1997,1997,39.109658056425225,0.019
1996,1996,39.21097874450142,0.0195
1995,1995,39.24283791163908,0.02
1994,1994,39.28632686959926,0.0205
1993,1993,39.32999719289276,0.021
35,35,39.388567976914295,0.0215
1992,1992,39.42681791296896,0.022
1991,1991,39.45256486677328,0.0225
36,36,39.46299444429785,0.023
1990,1990,39.49269130050373,0.0235
1989,1989,39.53511421423417,0.024
1988,1988,39.63169791408064,0.0245
37,37,39.64020879958557,0.025
1987,1987,39.65710337142552,0.0255
1986,1986,39.6971591704893,0.026
1985,1985,39.73576816421975,0.0265
1984,1984,39.77473275261686,0.027
38,38,39.83442814195022,0.0275
1983,1983,39.86916298046333,0.028
39,39,39.88754971920975,0.0285
1982,1982,39.88834900309073,0.029
1981,1981,39.92520866346244,0.0295
1980,1980,39.96240461183415,0.03
40,40,39.99540272263808,0.0305
1979,1979,40.00056878420586,0.031
1978,1978,40.09062964669359,0.0315
1977,1977,40.103934069321014,0.032
1976,1976,40.137551745692726,0.0325
1975,1975,40.17150276606444,0.033
1974,1974,40.20656473142202,0.0335
1973,1973,40.29471724289561,0.034
1972,1972,40.30541597149474,0.0345
1971,1971,40.337577008852314,0.035
1970,1970,40.369978974209886,0.0355
1969,1969,40.40372727556746,0.036
1968,1968,40.491316587041055,0.0365
1967,1967,40.49764923564019,0.037
1966,1966,40.52981495717208,0.0375
1965,1965,40.561605286703966,0.038
1964,1964,40.594113472235854,0.0385
1963,1963,40.68267194788376,0.039
1962,1962,40.68522490883153,0.0395
1961,1961,40.71469330769675,0.04
41,41,40.723070856691535,0.0405
42,42,40.74316238294955,0.041
1960,1960,40.743861653228635,0.0415
1959,1959,40.77595691076053,0.042
1957,1957,40.86391693661335,0.0425
1958,1958,40.86481834549416,0.043
1956,1956,40.89197040656429,0.0435
1955,1955,40.9201444311819,0.044
43,43,40.948299229470514,0.0445
1954,1954,40.94867507446617,0.045
44,44,40.96994902147051,0.0455
1952,1952,41.03576007799517,0.046
1953,1953,41.03857121609503,0.0465
1951,1951,41.06333895472706,0.047
1950,1950,41.090859276258946,0.0475
1949,1949,41.1187129204575,0.048
1947,1947,41.20249668215791,0.0485
1948,1948,41.20812392677205,0.049
1946,1946,41.22994198624217,0.0495
45,45,41.25968610916228,0.05
46,46,41.41547128058365,0.0505
1945,1945,41.45322837374053,0.051
1944,1944,41.50179112490243,0.0515
47,47,41.516834858645424,0.052
1943,1943,41.693787560208655,0.0525
1942,1942,41.7104056094577,0.053
48,48,41.74766694478888,0.0535
1941,1941,41.848050605591595,0.054
1940,1940,41.89779282286373,0.0545
1938,1938,42.09612779108538,0.055
1939,1939,42.09626590111365,0.0555
1937,1937,42.234793124543344,0.056
49,49,42.300404430817046,0.0565
1935,1935,42.42800687169952,0.057
1936,1936,42.432605786070624,0.0575
1934,1934,42.55440273733761,0.058
50,50,42.60813464058452,0.0585
1933,1933,42.654090379121165,0.059
1932,1932,42.74661750890471,0.0595
51,51,42.76425173114382,0.06
1931,1931,42.91056322867956,0.0605
52,52,42.995065615988935,0.061
1930,1930,43.00226098246307,0.0615
1929,1929,43.03405187013061,0.062
53,53,43.10962278963059,0.0625
1928,1928,43.178486340776495,0.063
1927,1927,43.268104886940975,0.0635
1926,1926,43.358760412887236,0.064
1925,1925,43.43942491163355,0.0645
1924,1924,43.523140149579866,0.065
1923,1923,43.55072155367337,0.0655
1922,1922,43.70679432199891,0.066
1921,1921,43.86030377670715,0.0665
54,54,43.86345791449027,0.067
55,55,43.87938269875461,0.0675
56,56,43.899127210754614,0.068
1920,1920,43.94832716398676,0.0685
1919,1919,44.04943814406292,0.069
1918,1918,44.0782420369414,0.0695
1917,1917,44.27577394643863,0.07
1916,1916,44.323446098913095,0.0705
57,57,44.3896978970819,0.071
1915,1915,44.408340062268955,0.0715
1914,1914,44.46330313896146,0.072
58,58,44.59339329692153,0.0725
59,59,44.61296411292154,0.073
1913,1913,44.62550474106542,0.0735
1912,1912,44.70818128179272,0.074
1911,1911,44.76471014553423,0.0745
60,60,44.77006471058087,0.075
1910,1910,44.92738229545216,0.0755
61,61,44.943098700040444,0.076
62,62,44.984528667287776,0.0765
1908,1908,45.14201582514291,0.077
1909,1909,45.15087509183959,0.0775
1907,1907,45.26318191516823,0.078
1906,1906,45.417318873865455,0.0785
1905,1905,45.461329964982795,0.079
63,63,45.5468387018833,0.0795
1904,1904,45.60961053800029,0.08
65,65,45.81952176550927,0.0805
1903,1903,45.824997349970324,0.081
64,64,45.82663058124491,0.0815
1902,1902,45.92814961863302,0.082
1901,1901,46.13491735048874,0.0825
66,66,46.25906353055717,0.083
67,67,46.31468380013871,0.0835
68,68,46.51818877750677,0.084
69,69,46.53369533750678,0.0845
1899,1899,46.592911278341134,0.085
1900,1900,46.60781185424992,0.0855
70,70,46.65206396552223,0.086
1898,1898,46.91745738054829,0.0865
72,72,46.938338314077924,0.087
71,71,46.94706197781357,0.0875
73,73,47.11961577956175,0.088
74,74,47.165025620396385,0.0885
1897,1897,47.25513927762875,0.089
75,75,47.32434655924082,0.0895
1896,1896,47.37395949010672,0.09
76,76,47.37982577328297,0.0905
77,77,47.4229111341176,0.091
78,78,47.53771007530084,0.0915
79,79,47.58050693023072,0.092
80,80,47.739008006207065,0.0925
1895,1895,47.75004265199867,0.093
82,82,47.980597071507866,0.0935
81,81,47.99095733521811,0.094
1894,1894,48.011985944463866,0.0945
83,83,48.09478909818564,0.095
84,84,48.10511192485231,0.0955
85,85,48.22878161717784,0.096
86,86,48.37282464563338,0.0965
87,87,48.382912334166704,0.097
88,88,48.450528114035976,0.0975
89,89,48.55742898552917,0.098
1893,1893,48.66151630794266,0.0985
90,90,48.67358553856201,0.099
91,91,48.68422283989534,0.0995
92,92,48.69496476205638,0.1
93,93,48.72269603199376,0.1005
94,94,48.789568859480056,0.101
95,95,48.797468251480055,0.1015
96,96,49.13802369011886,0.102
400,400,49.141360901404866,0.1025
402,402,49.16581828019965,0.103
409,409,49.17365011192764,0.1035
404,404,49.183348818122866,0.104
407,407,49.184964107386236,0.1045
410,410,49.18582388259431,0.105
411,411,49.19969976556574,0.1055
401,401,49.20387597512029,0.106
405,405,49.208007437343646,0.1065
412,412,49.21476551520383,0.107
406,406,49.21719573864882,0.1075
408,408,49.21904421004367,0.108
413,413,49.22886661417526,0.1085
395,395,49.23275115250754,0.109
403,403,49.23678197427179,0.1095
399,399,49.241055632063485,0.11
414,414,49.24377414514669,0.1105
398,398,49.26849687704139,0.111
394,394,49.272992829048796,0.1115
416,416,49.284104614327646,0.112
417,417,49.299182235660986,0.1125
97,97,49.30054180126548,0.113
396,396,49.30174254458353,0.1135
98,98,49.30673981726548,0.114
397,397,49.31256947810687,0.1145
418,418,49.31312866766099,0.115
393,393,49.3210901019296,0.1155
390,390,49.3243314290844,0.116
415,415,49.327237819186514,0.1165
514,514,49.328226884872,0.117
419,419,49.32844852259432,0.1175
518,518,49.33253256703077,0.118
515,515,49.34116162339899,0.1185
420,420,49.34275658659433,0.119
516,516,49.356464714046034,0.1195
517,517,49.369473736458744,0.12
513,513,49.380441977282985,0.1205
392,392,49.383187422066975,0.121
391,391,49.38813542005901,0.1215
1575,1575,49.38815305661769,0.122
1892,1892,49.38865458233872,0.1225
422,422,49.390012110861,0.123
634,634,49.39032872631563,0.1235
388,388,49.39198716992589,0.124
519,519,49.398049371369,0.1245
423,423,49.402424718861,0.125
520,520,49.40587230159121,0.1255
508,508,49.40604781999145,0.126
386,386,49.40629405439947,0.1265
630,630,49.406702287489956,0.127
521,521,49.409399742441984,0.1275
1578,1578,49.412037382666746,0.128
424,424,49.41606988152767,0.1285
637,637,49.41620059451999,0.129
1580,1580,49.416529639204704,0.1295
632,632,49.42068198664002,0.13
522,522,49.424451562846635,0.1305
1568,1568,49.42573736456316,0.131
510,510,49.42588128075199,0.1315
512,512,49.4284087524184,0.132
421,421,49.42887832631035,0.1325
425,425,49.42893469219434,0.133
389,389,49.429843420590245,0.1335
1569,1569,49.42984676149434,0.134
387,387,49.43129583071968,0.1345
1574,1574,49.43363317331492,0.135
639,639,49.43463579822104,0.1355
1572,1572,49.43616634654434,0.136
1573,1573,49.438615687858054,0.1365
426,426,49.44063248419434,0.137
1571,1571,49.443040500900466,0.1375
1587,1587,49.44667468666559,0.138
99,99,49.448769740398355,0.1385
1588,1588,49.44970799866559,0.139
1576,1576,49.44999560586098,0.1395
1577,1577,49.4505758878477,0.14
385,385,49.45115007737784,0.1405
629,629,49.45156312848878,0.141
427,427,49.45468816419434,0.1415
1589,1589,49.45473238266559,0.142
635,635,49.45966374740192,0.1425
1590,1590,49.45990419066559,0.143
524,524,49.46626556047364,0.1435
636,636,49.466616306373375,0.144
511,511,49.47304221582616,0.1445
1592,1592,49.475885809865595,0.145
1584,1584,49.47741493942521,0.1455
1593,1593,49.48106314319894,0.146
1581,1581,49.48559077928898,0.1465
1594,1594,49.488174951198936,0.147
1595,1595,49.49291310586561,0.1475
429,429,49.493096484194346,0.148
384,384,49.49835984374662,0.1485
1570,1570,49.50019978033366,0.149
626,626,49.50185474974955,0.1495
430,430,49.505288793527676,0.15
1597,1597,49.506351400722764,0.1505
628,628,49.50689130889976,0.151
1586,1586,49.50751505678161,0.1515
627,627,49.508341646201345,0.152
1598,1598,49.51035687272276,0.1525
1599,1599,49.51601543272276,0.153
641,641,49.51697430460709,0.1535
431,431,49.518199577527675,0.154
1583,1583,49.52103462094442,0.1545
631,631,49.52254124847668,0.155
1567,1567,49.52563024571639,0.1555
984,984,49.52632551471753,0.156
1579,1579,49.52678687726993,0.1565
509,509,49.52994221187838,0.157
986,986,49.53005851991464,0.1575
432,432,49.53037071352767,0.158
1601,1601,49.53410588087515,0.1585
428,428,49.53429289697702,0.159
638,638,49.53446414338467,0.1595
1591,1591,49.53495819278161,0.16
1566,1566,49.536253823742435,0.1605
528,528,49.53769480250328,0.161
1602,1602,49.53940373687515,0.1615
433,433,49.54373544952767,0.162
1585,1585,49.54413710100557,0.1625
1603,1603,49.544364312875146,0.163
989,989,49.54604212312851,0.1635
633,633,49.548221803870604,0.164
991,991,49.54941092977555,0.1645
1604,1604,49.550467523541805,0.165
526,526,49.55149248352634,0.1655
640,640,49.55349794241658,0.166
523,523,49.55948853076397,0.1665
1606,1606,49.5666489635418,0.167
1596,1596,49.56687481083877,0.1675
1607,1607,49.57040383287512,0.168
1582,1582,49.57060194578714,0.1685
527,527,49.57190016463387,0.169
625,625,49.57490422936048,0.1695
1608,1608,49.575910904875116,0.17
507,507,49.57608716913316,0.1705
435,435,49.57641325219432,0.171
1609,1609,49.58117181154177,0.1715
525,525,49.58139517345532,0.172
643,643,49.5834464199315,0.1725
436,436,49.58507935352765,0.173
647,647,49.587457062838126,0.1735
1600,1600,49.590086126038784,0.174
101,101,49.59022569489158,0.1745
988,988,49.59136471467711,0.175
505,505,49.59232301333374,0.1755
1611,1611,49.59448024887508,0.176
987,987,49.595233316569185,0.1765
1564,1564,49.59526498359887,0.177
437,437,49.59540613752765,0.1775
102,102,49.59574467089158,0.178
624,624,49.598505661318896,0.1785
1612,1612,49.600389080875075,0.179
103,103,49.60150964155824,0.1795
438,438,49.60606008952764,0.18
1613,1613,49.60615859554173,0.1805
100,100,49.60755810072245,0.181
644,644,49.608689554100316,0.1815
649,649,49.61313953802222,0.182
992,992,49.615648672780466,0.1825
383,383,49.61874666977975,0.183
1615,1615,49.62041892620837,0.1835
434,434,49.62081722764368,0.184
1605,1605,49.622018997657825,0.1845
1616,1616,49.62302519820836,0.185
645,645,49.62384043854749,0.1855
1688,1688,49.62761070176066,0.186
1617,1617,49.62784823820836,0.1865
646,646,49.62913429401575,0.187
506,506,49.62914109772506,0.1875
530,530,49.63044030296322,0.188
995,995,49.63267945961977,0.1885
1618,1618,49.63375443554168,0.189
642,642,49.63409395613076,0.1895
440,440,49.63536991352762,0.19
1690,1690,49.635514006470565,0.1905
651,651,49.63551589881308,0.191
985,985,49.63604792694495,0.1915
382,382,49.63678444887365,0.192
1692,1692,49.63917017546325,0.1925
441,441,49.642224761527615,0.193
652,652,49.642729328146416,0.1935
1685,1685,49.64498294183799,0.194
1565,1565,49.648263520707104,0.1945
442,442,49.64924911352761,0.195
1620,1620,49.65093583287501,0.1955
653,653,49.651367536146424,0.196
1610,1610,49.651537450991114,0.1965
990,990,49.65409052534495,0.197
1621,1621,49.65527348620834,0.1975
443,443,49.65725952419427,0.198
529,529,49.65889546278768,0.1985
1622,1622,49.65935105420833,0.199
654,654,49.65940578681309,0.1995
1694,1694,49.66103139498919,0.2
622,622,49.66137180140618,0.2005
476,476,49.66329769562293,0.201
444,444,49.6645776255276,0.2015
1699,1699,49.66487939017714,0.202
1623,1623,49.665108984875,0.2025
1696,1696,49.66521379560453,0.203
1695,1695,49.66592204061736,0.2035
1698,1698,49.666995829642,0.204
761,761,49.66732435747216,0.2045
1697,1697,49.66822748400034,0.205
533,533,49.66994887141991,0.2055
475,475,49.67011151962293,0.206
993,993,49.6739849171337,0.2065
994,994,49.67435542130342,0.207
1614,1614,49.6747627843244,0.2075
1625,1625,49.678143480875,0.208
439,439,49.679860075643646,0.2085
876,876,49.67991416732743,0.209
532,532,49.68169647100317,0.2095
534,534,49.682389256943715,0.21
1687,1687,49.683248335842045,0.2105
1626,1626,49.68400943287501,0.211
446,446,49.68567663352757,0.2115
656,656,49.68792470125119,0.212
1334,1334,49.688771808808546,0.2125
650,650,49.68895364492909,0.213
473,473,49.690436916956244,0.2135
447,447,49.69131154552757,0.214
1627,1627,49.69139260087501,0.2145
1467,1467,49.69174704515459,0.215
983,983,49.692005757192575,0.2155
535,535,49.694743146467516,0.216
648,648,49.69484245912251,0.2165
472,472,49.69508738095623,0.217
657,657,49.69568442391786,0.2175
754,754,49.69736809548591,0.218
448,448,49.69742943352756,0.2185
752,752,49.69851725875646,0.219
471,471,49.6985195196229,0.2195
756,756,49.69944966052225,0.22
996,996,49.700378815843024,0.2205
872,872,49.70071880046245,0.221
1619,1619,49.701198666991026,0.2215
1342,1342,49.70143824566958,0.222
1629,1629,49.702910488875034,0.2225
621,621,49.703203492099775,0.223
658,658,49.704206162584526,0.2235
997,997,49.70574501693783,0.224
1630,1630,49.706476739541706,0.2245
1469,1469,49.70683691354484,0.225
623,623,49.706909050253536,0.2255
536,536,49.707911502734184,0.226
1693,1693,49.70792859940014,0.2265
760,760,49.708098185241454,0.227
998,998,49.70853303042677,0.2275
1631,1631,49.709995694208374,0.228
743,743,49.71046638875494,0.2285
450,450,49.71075490552756,0.229
874,874,49.71083711710703,0.2295
469,469,49.7118669969562,0.23
980,980,49.712876829298644,0.2305
451,451,49.713582796727565,0.231
1632,1632,49.71364288354171,0.2315
659,659,49.71433586925119,0.232
979,979,49.715012061343636,0.2325
468,468,49.71636466095621,0.233
1683,1683,49.716628074044664,0.2335
452,452,49.71759978872756,0.234
978,978,49.71774595481665,0.2345
982,982,49.71860714715377,0.235
981,981,49.720964594586974,0.2355
467,467,49.7215569169562,0.236
453,453,49.721602338060904,0.2365
1461,1461,49.72337445878438,0.237
1463,1463,49.723387959534,0.2375
503,503,49.72356235757068,0.238
977,977,49.72440498467114,0.2385
1634,1634,49.725765984494096,0.239
976,976,49.725956733905186,0.2395
974,974,49.72642825550664,0.24
763,763,49.72696684558183,0.2405
465,465,49.72711153028953,0.241
464,464,49.728995562289526,0.2415
1635,1635,49.729520175427425,0.242
455,455,49.72966714872758,0.2425
1462,1462,49.72968232087037,0.243
1700,1700,49.729958536456834,0.2435
1624,1624,49.73130397899101,0.244
1701,1701,49.732158889572894,0.2445
456,456,49.73258221006092,0.245
445,445,49.73301146764361,0.2455
1636,1636,49.73345611569409,0.246
1654,1654,49.73413103531318,0.2465
457,457,49.73437411406093,0.247
460,460,49.73496695459428,0.2475
461,461,49.73504507573714,0.248
462,462,49.735172220879996,0.2485
459,459,49.73677941966094,0.249
474,474,49.73682235373894,0.2495
661,661,49.73791781088925,0.25
655,655,49.73952737292911,0.2505
748,748,49.7405653116963,0.251
1689,1689,49.741505861121105,0.2515
747,747,49.74211062315025,0.252
1466,1466,49.742160517047466,0.2525
1652,1652,49.742884037979834,0.253
1340,1340,49.74351614716217,0.2535
750,750,49.74403297509363,0.254
662,662,49.745193416222584,0.2545
1691,1691,49.745737341955646,0.255
1651,1651,49.74594323797983,0.2555
1232,1232,49.74600973142678,0.256
749,749,49.746165803957176,0.2565
1233,1233,49.74667341142678,0.257
1472,1472,49.747120578399304,0.2575
869,869,49.747633877039476,0.258
1638,1638,49.74764036864647,0.2585
1234,1234,49.74779559809343,0.259
758,758,49.74785527026739,0.2595
1639,1639,49.74790004864648,0.26
880,880,49.74824469852096,0.2605
538,538,49.748337486734194,0.261
759,759,49.74889724047145,0.2615
751,751,49.749219825957645,0.262
1640,1640,49.74956174464648,0.2625
1236,1236,49.750758721293415,0.263
1704,1704,49.75114519085045,0.2635
1458,1458,49.75121365784045,0.264
1641,1641,49.75123314731315,0.2645
1563,1563,49.75128663955982,0.265
870,870,49.75210874855289,0.2655
1686,1686,49.75259757448445,0.266
1237,1237,49.75265260929341,0.2665
663,663,49.75342903222258,0.267
1649,1649,49.753593403313154,0.2675
867,867,49.75361414080519,0.268
746,746,49.753800838985164,0.2685
1331,1331,49.754164330595586,0.269
1628,1628,49.75457539232437,0.2695
1813,1813,49.75474719904164,0.27
1647,1647,49.75487186731315,0.2705
745,745,49.754970124382005,0.271
1648,1648,49.75513055531315,0.2715
1643,1643,49.75552985131315,0.272
1465,1465,49.755690519550434,0.2725
1238,1238,49.75592032129341,0.273
1332,1332,49.756192381674346,0.2735
1464,1464,49.75676177514306,0.274
1644,1644,49.756808859313146,0.2745
1645,1645,49.75686380331315,0.275
1706,1706,49.7588811573718,0.2755
539,539,49.75950299073419,0.276
1459,1459,49.76041213824679,0.2765
1335,1335,49.76135144019441,0.277
1348,1348,49.761494516871416,0.2775
1470,1470,49.761680051116926,0.278
470,470,49.761938577738896,0.2785
449,449,49.76264769164357,0.279
664,664,49.762690728222566,0.2795
871,871,49.76394743161671,0.28
1240,1240,49.763969281293406,0.2805
1241,1241,49.7652802252934,0.281
744,744,49.76581687591221,0.2815
1343,1343,49.76627384347456,0.282
873,873,49.767083729111214,0.2825
1329,1329,49.767114171919715,0.283
504,504,49.76755098517325,0.2835
1242,1242,49.767757537293406,0.284
1336,1336,49.76821898702614,0.2845
1815,1815,49.770562355196276,0.285
1344,1344,49.77103951754947,0.2855
665,665,49.77120080822256,0.286
540,540,49.77254116673419,0.2865
1345,1345,49.772867737904356,0.287
1703,1703,49.77319186960965,0.2875
1244,1244,49.773781953293394,0.288
619,619,49.7746184074023,0.2885
1476,1476,49.774699256468985,0.289
1245,1245,49.77502533462673,0.2895
1633,1633,49.775394883676775,0.29
1337,1337,49.77587092753404,0.2905
875,875,49.776816385460855,0.291
1246,1246,49.77731333462673,0.2915
1702,1702,49.77783576447737,0.292
999,999,49.77822585238623,0.2925
1338,1338,49.77835717176948,0.293
1477,1477,49.779354104468986,0.2935
531,531,49.780553039834764,0.294
975,975,49.7814182195302,0.2945
1248,1248,49.7820158732934,0.295
1249,1249,49.78256291329341,0.2955
466,466,49.782777799072214,0.296
454,454,49.78337032417692,0.2965
1250,1250,49.78426147329341,0.297
1339,1339,49.78431040291056,0.2975
877,877,49.78443902269691,0.298
1346,1346,49.78454721896687,0.2985
1816,1816,49.78496661629412,0.299
541,541,49.7862069587342,0.2995
767,767,49.78652948004688,0.3
1818,1818,49.78720818116778,0.3005
1000,1000,49.78785893688423,0.301
1460,1460,49.78881338700109,0.3015
660,660,49.78905486458624,0.302
764,764,49.78982151064825,0.3025
463,463,49.79080681240554,0.303
537,537,49.7908107528502,0.3035
879,879,49.79136840458724,0.304
502,502,49.79237054975883,0.3045
1252,1252,49.79249857683627,0.305
1253,1253,49.79273469203628,0.3055
878,878,49.79319090829303,0.306
458,458,49.79400063884361,0.3065
883,883,49.794623305396755,0.307
1254,1254,49.79468576190295,0.3075
1347,1347,49.794882450537905,0.308
1653,1653,49.79510862142919,0.3085
1479,1479,49.795972856469,0.309
1333,1333,49.79611318772455,0.3095
1255,1255,49.79642791443628,0.31
1471,1471,49.796519040242465,0.3105
1637,1637,49.796903710495826,0.311
667,667,49.797019560222544,0.3115
864,864,49.79841289466145,0.312
1002,1002,49.798514997500114,0.3125
1257,1257,49.7989202502839,0.313
1480,1480,49.79981348580234,0.3135
972,972,49.80015094516997,0.314
1475,1475,49.800155423704034,0.3145
542,542,49.8005342547342,0.315
1808,1808,49.80063302094722,0.3155
1258,1258,49.801795236950554,0.316
1481,1481,49.80394826980234,0.3165
1326,1326,49.80429841172458,0.317
887,887,49.80464901595267,0.3175
1650,1650,49.80566911209584,0.318
1259,1259,49.80569452228388,0.3185
668,668,49.80632320822254,0.319
885,885,49.806473177848396,0.3195
888,888,49.80665103195267,0.32
881,881,49.80690244882928,0.3205
1341,1341,49.80713872693708,0.321
755,755,49.80763935542861,0.3215
753,753,49.807671109760804,0.322
1820,1820,49.80788044246393,0.3225
1811,1811,49.80805868158963,0.323
757,757,49.809215204551535,0.3235
1642,1642,49.80934711742917,0.324
889,889,49.810130635152674,0.3245
1646,1646,49.81162071742916,0.325
1261,1261,49.81202924228386,0.3255
1262,1262,49.81320407961719,0.326
1225,1225,49.81362931675259,0.3265
1263,1263,49.81442084761719,0.327
1684,1684,49.814489554979744,0.3275
669,669,49.81485466422254,0.328
868,868,49.81518375484269,0.3285
1005,1005,49.815565042291304,0.329
1708,1708,49.8164255689797,0.3295
1707,1707,49.817046362653606,0.33
1809,1809,49.81704884946323,0.3305
1483,1483,49.81793442446902,0.331
1235,1235,49.81834425620944,0.3315
381,381,49.81837716000946,0.332
620,620,49.81942527962855,0.3325
1484,1484,49.820298008469024,0.333
1814,1814,49.820313704985644,0.3335
1265,1265,49.82065918361719,0.334
1330,1330,49.82084407101813,0.3345
891,891,49.82140200368601,0.335
670,670,49.82290253622253,0.3355
1006,1006,49.823594983624645,0.336
1710,1710,49.823762601419155,0.3365
762,762,49.824034415733784,0.337
1266,1266,49.82429759428385,0.3375
892,892,49.824801340219345,0.338
1267,1267,49.82615474628385,0.3385
1485,1485,49.82638532625951,0.339
1231,1231,49.82782203769047,0.3395
1227,1227,49.82808534525697,0.34
769,769,49.828873012807975,0.3405
893,893,49.82888676741935,0.341
1239,1239,49.82951390740943,0.3415
1269,1269,49.82984961561718,0.342
1270,1270,49.830716292950505,0.3425
766,766,49.83121262478023,0.343
1007,1007,49.83130941562464,0.3435
1271,1271,49.83154906095051,0.344
1486,1486,49.83288661738333,0.3445
1229,1229,49.83390975408392,0.345
1001,1001,49.83498058303302,0.3455
765,765,49.836297995990826,0.346
1243,1243,49.838218771409416,0.3465
895,895,49.83953137968602,0.347
544,544,49.83979364673421,0.3475
1008,1008,49.84027878949129,0.348
896,896,49.840439526886016,0.3485
1273,1273,49.84076201028385,0.349
1274,1274,49.84132153028386,0.3495
1302,1302,49.84200345424585,0.35
1825,1825,49.84228806446321,0.3505
897,897,49.84261532208602,0.351
1275,1275,49.84265482095053,0.3515
1826,1826,49.843407744463214,0.352
1474,1474,49.84520028445206,0.3525
1276,1276,49.84522922095053,0.353
1222,1222,49.8453848407542,0.3535
672,672,49.845849480222526,0.354
1827,1827,49.84587366446322,0.3545
898,898,49.846557998809836,0.355
1247,1247,49.84693333140942,0.3555
1301,1301,49.847073416912515,0.356
666,666,49.847086298338574,0.3565
1488,1488,49.84772185075478,0.357
1278,1278,49.84902154095054,0.3575
1819,1819,49.84936233484789,0.358
1828,1828,49.84959452632989,0.3585
545,545,49.85036932673422,0.359
1655,1655,49.85116056434985,0.3595
1279,1279,49.85145051161721,0.36
1489,1489,49.851587227211915,0.3605
1822,1822,49.85181033993119,0.361
673,673,49.85312025355586,0.3615
1810,1810,49.8534908007896,0.362
1280,1280,49.85353026536959,0.3625
1351,1351,49.853537502919174,0.363
1299,1299,49.853837224912496,0.3635
1812,1812,49.853996778595814,0.364
1251,1251,49.85532297194276,0.3645
1490,1490,49.85555950500239,0.365
1478,1478,49.855968298585005,0.3655
1298,1298,49.85663108091249,0.366
1282,1282,49.85683626247436,0.3665
1682,1682,49.8573550235339,0.367
1283,1283,49.85740598956007,0.3675
741,741,49.85762064805771,0.368
900,900,49.85914739431462,0.3685
1284,1284,49.85953111931246,0.369
1327,1327,49.85981910392893,0.3695
1457,1457,49.86109489996501,0.37
1705,1705,49.86114957120919,0.3705
1830,1830,49.861202910329894,0.371
1287,1287,49.862319710245785,0.3715
546,546,49.862945422734214,0.372
1256,1256,49.862974768057065,0.3725
674,674,49.863168509555855,0.373
901,901,49.86339219157176,0.3735
1286,1286,49.86359726757912,0.374
1288,1288,49.86377903824578,0.3745
1468,1468,49.863938888732136,0.375
1223,1223,49.86421328776651,0.3755
1831,1831,49.864535537529896,0.376
1296,1296,49.86515543291248,0.3765
866,866,49.865720852622985,0.377
1010,1010,49.86625208869126,0.3775
1295,1295,49.86691271291247,0.378
1294,1294,49.8671544942458,0.3785
1003,1003,49.86791486912828,0.379
1292,1292,49.868210643579125,0.3795
1291,1291,49.86864789157912,0.38
886,886,49.868918122068685,0.3805
1290,1290,49.86895773691244,0.381
1832,1832,49.8693457519299,0.3815
902,902,49.86958359362892,0.382
865,865,49.870099136706074,0.3825
971,971,49.87077168319106,0.383
1455,1455,49.87187385491105,0.3835
1806,1806,49.87199185477252,0.384
1260,1260,49.87219449773322,0.3845
1492,1492,49.872366332126184,0.385
1226,1226,49.87283404144745,0.3855
675,675,49.87290732555585,0.386
1456,1456,49.87363276075233,0.3865
1011,1011,49.87363648457698,0.387
1454,1454,49.87370247879367,0.3875
1224,1224,49.874258940296386,0.388
1349,1349,49.87429566593432,0.3885
1493,1493,49.87610322812618,0.389
547,547,49.87664935873421,0.3895
1561,1561,49.87797388627841,0.39
1228,1228,49.87826906300629,0.3905
1482,1482,49.878770826585026,0.391
904,904,49.8789045097432,0.3915
1494,1494,49.87986721745951,0.392
1264,1264,49.8805949777332,0.3925
1834,1834,49.880853310329904,0.393
771,771,49.881620096502196,0.3935
543,543,49.88215222485022,0.394
1230,1230,49.88223074649234,0.3945
890,890,49.882269458602025,0.395
1012,1012,49.8825440643103,0.3955
905,905,49.882844552409864,0.396
1835,1835,49.88369437486324,0.3965
1495,1495,49.884311612126176,0.397
1350,1350,49.88465800674363,0.3975
1220,1220,49.88469768278782,0.398
742,742,49.885371551229994,0.3985
1712,1712,49.88560100829952,0.399
906,906,49.88659917640986,0.3995
1836,1836,49.88707362606324,0.4
1328,1328,49.888794766214666,0.4005
1268,1268,49.88895426306653,0.401
548,548,49.89047860673422,0.4015
1013,1013,49.89077757471029,0.402
884,884,49.893420292588644,0.4025
1004,1004,49.894004490847735,0.403
1473,1473,49.89523652477155,0.4035
1562,1562,49.89580370866229,0.404
671,671,49.89660767433855,0.4045
1272,1272,49.896835532399855,0.405
1817,1817,49.89856800445967,0.4055
908,908,49.89902026440986,0.406
1838,1838,49.89938451124418,0.4065
677,677,49.89983780875584,0.407
909,909,49.90086096840985,0.4075
1497,1497,49.901008380126164,0.408
1839,1839,49.901649193301324,0.4085
894,894,49.90273913540203,0.409
910,910,49.90317175240985,0.4095
862,862,49.90488827249196,0.41
1840,1840,49.90525704335846,0.4105
1498,1498,49.90584361212616,0.411
1487,1487,49.90592339328983,0.4115
863,863,49.90593744392936,0.412
911,911,49.90653147507651,0.4125
678,678,49.906668134089166,0.413
973,973,49.90697638555685,0.4135
1300,1300,49.90780585102852,0.414
1277,1277,49.907960556399885,0.4145
1823,1823,49.90970345714802,0.415
1841,1841,49.91011983528227,0.4155
1499,1499,49.91123753212616,0.416
1805,1805,49.912145149984056,0.4165
882,882,49.91253028823798,0.417
1807,1807,49.91300727127351,0.4175
1281,1281,49.913635897504655,0.418
1804,1804,49.91387891259685,0.4185
679,679,49.914272230089175,0.419
1015,1015,49.916660258443606,0.4195
1297,1297,49.9166636430285,0.42
618,618,49.91774010424849,0.4205
913,913,49.91800463774316,0.421
1009,1009,49.91877400334063,0.4215
899,899,49.91893705631634,0.422
1285,1285,49.91994022969513,0.4225
1353,1353,49.92017239814298,0.423
860,860,49.920319039364045,0.4235
1843,1843,49.92209978865368,0.424
914,914,49.92250052894316,0.4245
1829,1829,49.92271124844591,0.425
1711,1711,49.923272836512936,0.4255
1293,1293,49.92329291236181,0.426
1289,1289,49.92358740836179,0.4265
740,740,49.92371708740776,0.427
680,680,49.92387387275584,0.4275
1709,1709,49.924852020667245,0.428
770,770,49.92492301875428,0.4285
1016,1016,49.925016599776924,0.429
1844,1844,49.92589755871082,0.4295
1501,1501,49.92596110545949,0.43
500,500,49.92646037632164,0.4305
970,970,49.92704934067214,0.431
915,915,49.92706552094315,0.4315
1491,1491,49.927799715575546,0.432
104,104,49.928988462269054,0.4325
1502,1502,49.92922957479282,0.433
1845,1845,49.929427670710815,0.4335
550,550,49.93138275606756,0.434
773,773,49.93226068651724,0.4345
1503,1503,49.932817436126165,0.435
1679,1679,49.93291210238413,0.4355
768,768,49.93304377413169,0.436
379,379,49.933333713708556,0.4365
1017,1017,49.93454607177692,0.437
917,917,49.93509251827647,0.4375
1324,1324,49.935136204229785,0.438
1355,1355,49.935429677150886,0.4385
918,918,49.9368261396098,0.439
1504,1504,49.93683367079283,0.4395
903,903,49.937726661802074,0.44
1323,1323,49.93893054625422,0.4405
1847,1847,49.9409059427108,0.441
1218,1218,49.94102245640216,0.4415
919,919,49.9416382996098,0.442
1833,1833,49.94245574124592,0.4425
1018,1018,49.943394818443586,0.443
551,551,49.94350357526757,0.4435
1848,1848,49.943786828044125,0.444
951,951,49.94423347065755,0.4445
1221,1221,49.944956908193134,0.445
1219,1219,49.94498968610719,0.4455
676,676,49.94589353887186,0.446
950,950,49.94770419065755,0.4465
1849,1849,49.94812026804412,0.447
1824,1824,49.94889576914975,0.4475
1541,1541,49.94912210050733,0.448
682,682,49.94947784075585,0.4485
949,949,49.95197848399088,0.449
861,861,49.953339077175364,0.4495
921,921,49.954183078276465,0.45
922,922,49.954457386543126,0.4505
552,552,49.95539115926758,0.451
739,739,49.95561198260904,0.4515
1801,1801,49.95562670402116,0.452
1506,1506,49.95644701479285,0.4525
683,683,49.95652538208918,0.453
1540,1540,49.956674367173996,0.4535
1496,1496,49.95674065424219,0.454
907,907,49.95692509319254,0.4545
923,923,49.95712894280979,0.455
1851,1851,49.95849042271079,0.4555
1837,1837,49.958587882045926,0.456
947,947,49.95940592932419,0.4565
1507,1507,49.96012743079285,0.457
1852,1852,49.96063973471078,0.4575
924,924,49.960673437743125,0.458
1821,1821,49.960849728849674,0.4585
1104,1104,49.96094161282542,0.459
1803,1803,49.961962337968636,0.4595
684,684,49.96379246475585,0.46
1508,1508,49.96419597479286,0.4605
946,946,49.96431088932419,0.461
1853,1853,49.96442788404411,0.4615
1020,1020,49.96491443444358,0.462
1802,1802,49.966274317453795,0.4625
553,553,49.96659883926758,0.463
1014,1014,49.96702408455964,0.4635
1102,1102,49.96777711865749,0.464
1854,1854,49.96800354271078,0.4645
1322,1322,49.97059034307155,0.465
926,926,49.97065105572409,0.4655
685,685,49.970740155422526,0.466
549,549,49.971771286183575,0.4665
1021,1021,49.97293439177691,0.467
1352,1352,49.97317138530862,0.4675
927,927,49.973759443990765,0.468
944,944,49.97393968932417,0.4685
912,912,49.97446958385919,0.469
1538,1538,49.97504087384063,0.4695
928,928,49.97607969999077,0.47
943,943,49.97646870265749,0.4705
968,968,49.977437738203825,0.471
554,554,49.97755384726759,0.4715
1325,1325,49.97773630064346,0.472
1452,1452,49.978383205163674,0.4725
942,942,49.97917089999082,0.473
1856,1856,49.9795272547108,0.4735
1354,1354,49.979550988542734,0.474
1510,1510,49.97961744984048,0.4745
1537,1537,49.980645087173954,0.475
617,617,49.980825797088464,0.4755
1842,1842,49.98116453545543,0.476
1453,1453,49.98122483226786,0.4765
1500,1500,49.98157189690884,0.477
1022,1022,49.9817236397769,0.4775
1857,1857,49.98239775071081,0.478
1511,1511,49.98315619117382,0.4785
930,930,49.98325679865746,0.479
1858,1858,49.98406008671081,0.4795
931,931,49.98446845732413,0.48
1714,1714,49.9845260017909,0.4805
859,859,49.98526779681839,0.481
932,932,49.986205289324126,0.4815
1357,1357,49.98680892155911,0.482
1680,1680,49.98721281004358,0.4825
940,940,49.9880660039908,0.483
1512,1512,49.98819435650716,0.4835
939,939,49.9887685959908,0.484
938,938,49.98935777999079,0.4845
936,936,49.98976164132413,0.485
935,935,49.990215379990794,0.4855
1023,1023,49.990259298443576,0.486
934,934,49.990737118657464,0.4865
1535,1535,49.991586228507266,0.487
380,380,49.99266977330101,0.4875
106,106,49.9929141468134,0.488
916,916,49.9931755123925,0.4885
1513,1513,49.993660895173825,0.489
952,952,49.99459074744025,0.4895
681,681,49.99574029087186,0.49
1217,1217,49.99615113636372,0.4905
1860,1860,49.996434625377496,0.491
1534,1534,49.99650962050726,0.4915
687,687,49.99808633142254,0.492
1451,1451,49.99857901386627,0.4925
1846,1846,49.99917620082682,0.493
616,616,49.99935801509017,0.4935
1861,1861,49.99945336671083,0.494
1106,1106,50.00255394720086,0.4945
1862,1862,50.00279150004417,0.495
1515,1515,50.00455920984051,0.4955
688,688,50.00562846475588,0.496
1560,1560,50.0064743098488,0.4965
1115,1115,50.0066054128359,0.497
105,105,50.00716069050519,0.4975
1516,1516,50.00744276184051,0.498
1505,1505,50.008161336908856,0.4985
1532,1532,50.00830711384058,0.499
920,920,50.008845379059146,0.4995
969,969,50.00976131454176,0.5
1517,1517,50.010307039173846,0.5005
1531,1531,50.01032260184057,0.501
556,556,50.0122349864676,0.5015
948,948,50.01251831010688,0.502
1864,1864,50.01255478415846,0.5025
1865,1865,50.01318080960608,0.503
689,689,50.013478192755876,0.5035
1530,1530,50.01393656450723,0.504
1112,1112,50.01503841768829,0.5045
1025,1025,50.015104983776915,0.505
1113,1113,50.01558324185199,0.5055
1866,1866,50.01642474438703,0.506
738,738,50.01660005464699,0.5065
1850,1850,50.017224040826804,0.507
1215,1215,50.01727675487571,0.5075
1019,1019,50.0175240205596,0.508
1799,1799,50.017694497840736,0.5085
1867,1867,50.01970592716799,0.509
1519,1519,50.019781343173854,0.5095
690,690,50.02027222368922,0.51
557,557,50.02031261846759,0.5105
1528,1528,50.02060650584055,0.511
1520,1520,50.02062051117386,0.5115
1521,1521,50.02126729517386,0.512
1101,1101,50.02194796452991,0.5125
1527,1527,50.02221546584054,0.513
1026,1026,50.022446413110245,0.5135
1523,1523,50.023139444507194,0.514
1216,1216,50.024343760035926,0.5145
925,925,50.024423048240095,0.515
1559,1559,50.02485844370417,0.5155
1539,1539,50.02501700928999,0.516
1524,1524,50.02502376450719,0.5165
1525,1525,50.02522306050719,0.517
772,772,50.02551419786786,0.5175
945,945,50.02650575544019,0.518
1449,1449,50.028013706578584,0.5185
776,776,50.02810143408809,0.519
1558,1558,50.02941366300114,0.5195
1869,1869,50.02948127284417,0.52
1027,1027,50.02968473631025,0.5205
1716,1716,50.030900942027436,0.521
558,558,50.03090655766759,0.5215
1321,1321,50.03126573649062,0.522
1870,1870,50.031338403510844,0.5225
1509,1509,50.031471067956495,0.523
1871,1871,50.03313603551084,0.5235
1855,1855,50.035598472826806,0.524
498,498,50.03777190575193,0.5245
774,774,50.03837236844091,0.525
929,929,50.03860200077346,0.5255
1873,1873,50.03940229684417,0.526
559,559,50.039768893667585,0.5265
1713,1713,50.04022976023203,0.527
1028,1028,50.04045949897692,0.5275
692,692,50.040757548489225,0.528
1099,1099,50.04091473463548,0.5285
1874,1874,50.04096813151084,0.529
686,686,50.04113828553855,0.5295
941,941,50.041174662106826,0.53
775,775,50.041971073690696,0.5305
778,778,50.0423616505199,0.531
1890,1890,50.04353347551093,0.5315
1536,1536,50.043769297289955,0.532
1717,1717,50.04381307002743,0.5325
953,953,50.04501126129193,0.533
693,693,50.04558563808922,0.5335
1889,1889,50.046210819510925,0.534
1875,1875,50.04631181151083,0.5345
937,937,50.04729690210681,0.535
1888,1888,50.04785031817759,0.5355
933,933,50.04791719010681,0.536
560,560,50.04808927766758,0.5365
1877,1877,50.04992064351085,0.537
1859,1859,50.05042480882683,0.5375
1715,1715,50.05075729276789,0.538
1878,1878,50.05077260084419,0.5385
694,694,50.050824490355886,0.539
779,779,50.050934514519895,0.5395
1678,1678,50.05117193950648,0.54
1359,1359,50.05266015261869,0.5405
1879,1879,50.0531788728442,0.541
1114,1114,50.05329667355647,0.5415
1886,1886,50.05428539017757,0.542
1110,1110,50.05528355167152,0.5425
1718,1718,50.056263502027434,0.543
1885,1885,50.056268398177565,0.5435
555,555,50.05640476458362,0.544
695,695,50.05658863328922,0.5445
1883,1883,50.056723406177554,0.545
1118,1118,50.05700139659831,0.5455
1882,1882,50.05747515017755,0.546
1303,1303,50.05810368944359,0.5465
1514,1514,50.05846977728985,0.547
1108,1108,50.05888282517689,0.5475
1881,1881,50.05893305951088,0.548
1109,1109,50.06050049584053,0.5485
780,780,50.060929618519886,0.549
1533,1533,50.06118896662327,0.5495
1111,1111,50.06229445154108,0.55
1213,1213,50.06268188307655,0.5505
1107,1107,50.06299307582119,0.551
1030,1030,50.06444989897693,0.5515
1214,1214,50.064919472497344,0.552
1024,1024,50.06535554055959,0.5525
1116,1116,50.06773296640797,0.553
1800,1800,50.067762118228835,0.5535
1863,1863,50.06834519282686,0.554
697,697,50.06956818528923,0.5545
1031,1031,50.07221077364359,0.555
698,698,50.07250792928923,0.5555
781,781,50.07255258171988,0.556
562,562,50.073737533667575,0.5565
1518,1518,50.07435816128987,0.557
699,699,50.07555983328923,0.5575
1103,1103,50.07567104065113,0.558
714,714,50.075978990622616,0.5585
1529,1529,50.0760508972899,0.559
1681,1681,50.07699390131402,0.5595
1677,1677,50.078294358647604,0.56
713,713,50.079487470622624,0.5605
1032,1032,50.08004130164359,0.561
1522,1522,50.08032771862321,0.5615
499,499,50.08138670322497,0.562
1868,1868,50.08301286551257,0.5625
1526,1526,50.08346812395654,0.563
1798,1798,50.08382920666696,0.5635
563,563,50.08385122966757,0.564
477,477,50.08470985140938,0.5645
1356,1356,50.08594048101465,0.565
711,711,50.08622256395595,0.5655
710,710,50.08698416395595,0.566
701,701,50.08698888928923,0.5665
1033,1033,50.088236352310254,0.567
702,702,50.08828565728923,0.5675
709,709,50.08878413195594,0.568
691,691,50.08900815433857,0.5685
703,703,50.08940552928923,0.569
1448,1448,50.089611687527345,0.5695
777,777,50.0909217689026,0.57
564,564,50.09214895766757,0.5705
1120,1120,50.0922677478215,0.571
1358,1358,50.09247825209995,0.5715
705,705,50.09254760928924,0.572
707,707,50.093124782622596,0.5725
1872,1872,50.09313521096019,0.573
706,706,50.09349942795591,0.5735
1720,1720,50.09487956602743,0.574
599,599,50.098140920791536,0.5745
565,565,50.10020568300091,0.575
1876,1876,50.10508805362686,0.5755
598,598,50.10521058479153,0.576
783,783,50.10565570705322,0.5765
1721,1721,50.106253070027435,0.577
1117,1117,50.10633376551448,0.5775
1887,1887,50.10698841629359,0.578
967,967,50.109181912651245,0.5785
736,736,50.111058416884575,0.579
1035,1035,50.111141557643606,0.5795
497,497,50.111561518825496,0.58
566,566,50.11186597100092,0.5805
1029,1029,50.112329245092944,0.581
1097,1097,50.11370147058242,0.5815
784,784,50.114214235053225,0.582
1880,1880,50.11440024562688,0.5825
1884,1884,50.11453593629357,0.583
1105,1105,50.116246586841406,0.5835
1212,1212,50.116943183487486,0.584
1036,1036,50.118013610976945,0.5845
567,567,50.118194419000915,0.585
1722,1722,50.11904881402742,0.5855
735,735,50.119589782086344,0.586
561,561,50.119807343783606,0.5865
1361,1361,50.1206007013163,0.587
696,696,50.12129581940524,0.5875
596,596,50.12141744345818,0.588
568,568,50.124391005667576,0.5885
785,785,50.124635579053226,0.589
1211,1211,50.12603671416384,0.5895
1037,1037,50.126216746976944,0.59
1450,1450,50.1266304010432,0.5905
595,595,50.12727689945817,0.591
569,569,50.13026927766759,0.5915
1723,1723,50.13256382202743,0.592
1038,1038,50.13445340831028,0.5925
786,786,50.135317168386564,0.593
966,966,50.136180251965385,0.5935
700,700,50.13770567540524,0.594
1719,1719,50.13797657614345,0.5945
1100,1100,50.13882877132928,0.595
1797,1797,50.14028775596464,0.5955
712,712,50.140314272738635,0.596
501,501,50.14085564676318,0.5965
1557,1557,50.140941146821994,0.597
600,600,50.14269073090756,0.5975
593,593,50.14305166212482,0.598
571,571,50.144551697781885,0.5985
1318,1318,50.14540011544407,0.599
787,787,50.145620784386566,0.5995
1724,1724,50.14649636602742,0.6
592,592,50.14670694745814,0.6005
708,708,50.14700703007195,0.601
704,704,50.14709959540525,0.6015
615,615,50.14828356981613,0.602
572,572,50.148293541896166,0.6025
1676,1676,50.15046379499004,0.603
591,591,50.15074559279147,0.6035
1796,1796,50.150767163337626,0.604
1447,1447,50.15077232929798,0.6045
737,737,50.15182011059659,0.605
573,573,50.1537974352295,0.6055
782,782,50.154108087835894,0.606
1556,1556,50.15568159434844,0.6065
1040,1040,50.157699744310285,0.607
574,574,50.1578455312295,0.6075
1098,1098,50.158212874618165,0.608
1034,1034,50.15901680775962,0.6085
358,358,50.160867962568204,0.609
1319,1319,50.16183420292456,0.6095
589,589,50.162350200791465,0.61
1041,1041,50.16511688991027,0.6105
576,576,50.165330606124755,0.611
588,588,50.16599500079147,0.6115
577,577,50.16728900612476,0.612
586,586,50.1691871821248,0.6125
1320,1320,50.170161456933926,0.613
858,858,50.170198435396244,0.6135
578,578,50.170409198124766,0.614
585,585,50.170445550124796,0.6145
1363,1363,50.17109153967942,0.615
597,597,50.17140148290754,0.6155
584,584,50.17232897412479,0.616
1042,1042,50.172802382024564,0.6165
580,580,50.17312705412478,0.617
581,581,50.17340875012477,0.6175
1555,1555,50.1734660148876,0.618
582,582,50.17482212612477,0.6185
789,789,50.174943024386586,0.619
1124,1124,50.17793579249194,0.6195
1675,1675,50.17923051279784,0.62
1043,1043,50.17995958613885,0.6205
1726,1726,50.182070147360754,0.621
496,496,50.1838901169841,0.6215
1364,1364,50.185163091679414,0.622
1121,1121,50.185732531911526,0.6225
1122,1122,50.18662567302988,0.623
790,790,50.18663123771992,0.6235
1096,1096,50.18821507611776,0.624
1210,1210,50.18993063177927,0.6245
614,614,50.191597750673175,0.625
594,594,50.19297218157417,0.6255
356,356,50.19330147723486,0.626
1672,1672,50.19334171628322,0.6265
1671,1671,50.194786390025094,0.627
1727,1727,50.195444856694095,0.6275
1674,1674,50.19694993979995,0.628
570,570,50.19700982911694,0.6285
478,478,50.19722119274573,0.629
1444,1444,50.19751485815879,0.6295
791,791,50.19841619771993,0.63
1365,1365,50.19879189167942,0.6305
1119,1119,50.20001506659541,0.631
1045,1045,50.200877972119805,0.6315
1039,1039,50.20386171442629,0.632
355,355,50.20522685323486,0.6325
1046,1046,50.208760114900755,0.633
792,792,50.21010449638659,0.6335
1728,1728,50.2106085686941,0.634
1360,1360,50.21082066182155,0.6345
495,495,50.21342811433705,0.635
590,590,50.21381892290748,0.6355
1047,1047,50.214012626900754,0.636
575,575,50.220752833459805,0.6365
1094,1094,50.221489981311336,0.637
1123,1123,50.22206446273651,0.6375
788,788,50.22220310650259,0.638
1729,1729,50.2238488886941,0.6385
1725,1725,50.22609259747677,0.639
1891,1891,50.22639696399695,0.6395
587,587,50.22652406424082,0.64
1049,1049,50.22711084556744,0.6405
1794,1794,50.22714989998922,0.641
965,965,50.229067162357985,0.6415
857,857,50.22926699879182,0.642
1050,1050,50.230295037567444,0.6425
579,579,50.230304448240794,0.643
583,583,50.232082880240796,0.6435
1367,1367,50.23349678767942,0.644
1446,1446,50.234920577773345,0.6445
1051,1051,50.23505305356745,0.645
357,357,50.23556215668421,0.6455
353,353,50.2355990665682,0.646
1730,1730,50.236789070027434,0.6465
1362,1362,50.2369101160822,0.647
1445,1445,50.23713727943336,0.6475
1052,1052,50.23986996023411,0.648
794,794,50.24114862865326,0.6485
352,352,50.243863322568195,0.649
1368,1368,50.24495968901275,0.6495
1054,1054,50.24655220023413,0.65
1044,1044,50.24716019396915,0.6505
1673,1673,50.247834072340176,0.651
1055,1055,50.249096296234136,0.6515
795,795,50.250580758786604,0.652
1056,1056,50.25168061623414,0.6525
1095,1095,50.252098561062056,0.653
107,107,50.25436732007027,0.6535
734,734,50.254501974767905,0.654
378,378,50.25494829670733,0.6545
1063,1063,50.25528941623418,0.655
1443,1443,50.25566286165209,0.6555
1059,1059,50.25610340023417,0.656
1062,1062,50.256131784234164,0.6565
1058,1058,50.25667559223417,0.657
1060,1060,50.25673840823416,0.6575
1369,1369,50.25827882501276,0.658
796,796,50.26008575291994,0.6585
1209,1209,50.2616250871293,0.659
1317,1317,50.26690566200372,0.6595
797,797,50.27125434171995,0.66
1370,1370,50.271652510346094,0.6605
494,494,50.27236581863606,0.661
1795,1795,50.27331004677364,0.6615
1732,1732,50.273585571360776,0.662
1125,1125,50.2751866842756,0.6625
1048,1048,50.277591023683435,0.663
377,377,50.278326828087465,0.6635
350,350,50.27852459190155,0.664
354,354,50.27970856735088,0.6645
1366,1366,50.279943301795434,0.665
1371,1371,50.28451356634609,0.6655
1733,1733,50.28572427216078,0.666
1793,1793,50.28593146844269,0.6665
793,793,50.28613342330261,0.667
349,349,50.29058961590156,0.6675
1128,1128,50.29453890963265,0.668
1734,1734,50.29759673296078,0.6685
1053,1053,50.29979871435014,0.669
733,733,50.30133765103497,0.6695
108,108,50.304525851632015,0.67
1208,1208,50.30598638496582,0.6705
799,799,50.306670956119966,0.671
856,856,50.307174181087696,0.6715
109,109,50.30771977772725,0.672
1131,1131,50.30845945820899,0.6725
1127,1127,50.308758724411696,0.673
1735,1735,50.309285513760784,0.6735
1126,1126,50.31007904894261,0.674
1057,1057,50.31150828235017,0.6745
800,800,50.31315202339616,0.675
1061,1061,50.31347493835019,0.6755
1132,1132,50.31554511276137,0.676
1731,1731,50.316357632143465,0.6765
1670,1670,50.31742377523842,0.677
376,376,50.31868111851748,0.6775
351,351,50.31974471668423,0.678
801,801,50.321146829339014,0.6785
1373,1373,50.322510801546095,0.679
613,613,50.32252914637354,0.6795
1315,1315,50.324345133379445,0.68
347,347,50.325149338568245,0.6805
1133,1133,50.3253710220947,0.681
802,802,50.32971728328187,0.6815
855,855,50.33015470475735,0.682
732,732,50.33334460768378,0.6825
1374,1374,50.33442756954611,0.683
1134,1134,50.335765774094696,0.6835
346,346,50.33623388256825,0.684
1737,1737,50.34478443002745,0.6845
1669,1669,50.345735968652804,0.685
1135,1135,50.34729947009469,0.6855
1375,1375,50.34813373274612,0.686
1316,1316,50.35012251428796,0.6865
798,798,50.350388177435974,0.687
804,804,50.35490093311045,0.6875
1738,1738,50.3553823841608,0.688
1130,1130,50.36038322885834,0.6885
805,805,50.360493659053304,0.689
1376,1376,50.36261923674612,0.6895
1136,1136,50.36398158209469,0.69
964,964,50.364701901857046,0.6905
1739,1739,50.36565265829413,0.691
344,344,50.366683488053994,0.6915
1372,1372,50.36698573166211,0.692
806,806,50.368313648996164,0.6925
348,348,50.36890928201759,0.693
110,110,50.37054935588557,0.6935
1137,1137,50.37196622209468,0.694
1740,1740,50.37502912823698,0.6945
807,807,50.37505769166283,0.695
1093,1093,50.3760798580318,0.6955
343,343,50.377601259025425,0.696
1064,1064,50.379240476201865,0.6965
1138,1138,50.37986366209468,0.697
1442,1442,50.384740323261376,0.6975
1736,1736,50.3869445206768,0.698
1091,1091,50.38945804007087,0.6985
1139,1139,50.38984100609467,0.699
493,493,50.390103339095575,0.6995
375,375,50.3905493190153,0.7
809,809,50.39158124366285,0.7005
1129,1129,50.392972801766284,0.701
1092,1092,50.396194772665396,0.7015
810,810,50.396299184996174,0.702
1378,1378,50.39908362074614,0.7025
1140,1140,50.40045054209467,0.703
854,854,50.40080702515486,0.7035
811,811,50.40229470499617,0.704
803,803,50.402620833283606,0.7045
1742,1742,50.40374689006555,0.705
341,341,50.405171254301635,0.7055
1743,1743,50.409820789341744,0.706
832,832,50.409934171662975,0.7065
1379,1379,50.409934756746146,0.707
492,492,50.41003448913417,0.7075
345,345,50.41195239394143,0.708
1792,1792,50.412440128465526,0.7085
340,340,50.41329810230163,0.709
1744,1744,50.4175415472846,0.7095
813,813,50.417814640996184,0.71
1668,1668,50.418952606987055,0.7105
830,830,50.419260763662955,0.711
814,814,50.419721830329514,0.7115
815,815,50.42218352632952,0.712
829,829,50.42300863566295,0.7125
1380,1380,50.42307685807949,0.713
816,816,50.42556296099618,0.7135
1745,1745,50.42586611322746,0.714
1142,1142,50.428701710094664,0.7145
827,827,50.430194672996265,0.715
818,818,50.4309711209962,0.7155
963,963,50.43124861992931,0.716
826,826,50.43167537699626,0.7165
819,819,50.4328295529962,0.717
1791,1791,50.43288493005031,0.7175
111,111,50.43288912037482,0.718
823,823,50.4336323156629,0.7185
825,825,50.43385405432958,0.719
822,822,50.434144827662884,0.7195
1207,1207,50.4348498165362,0.72
962,962,50.43517963084491,0.7205
612,612,50.436023129137695,0.721
1381,1381,50.436146938079496,0.7215
1143,1143,50.43692580609466,0.722
821,821,50.43694589432955,0.7225
852,852,50.43819472367976,0.723
1553,1553,50.43883973113562,0.7235
1377,1377,50.441312406862146,0.724
808,808,50.44289736844552,0.7245
338,338,50.443451083634955,0.725
1144,1144,50.44600023809466,0.7255
1382,1382,50.4473838020795,0.726
112,112,50.447700515352125,0.7265
1747,1747,50.44829524511318,0.727
1206,1206,50.44892313549042,0.7275
1205,1205,50.450128075385365,0.728
1741,1741,50.45035408623872,0.7285
1748,1748,50.45324486644651,0.729
342,342,50.45442781611289,0.7295
337,337,50.454459467634955,0.73
731,731,50.45479813179278,0.7305
1145,1145,50.454987747427985,0.731
729,729,50.45583440076266,0.7315
1749,1749,50.45895917044651,0.732
1314,1314,50.461649697023965,0.7325
730,730,50.46343658557105,0.733
1750,1750,50.465398573113184,0.7335
853,853,50.46735088541342,0.734
812,812,50.471000973778864,0.7345
276,276,50.472003536764205,0.735
831,831,50.47269313377898,0.7355
1790,1790,50.47322634594415,0.736
277,277,50.47336428343086,0.7365
1141,1141,50.477852224210686,0.737
1752,1752,50.48089134111319,0.7375
335,335,50.48098525110162,0.738
1384,1384,50.48108723674617,0.7385
1147,1147,50.483813496761314,0.739
1773,1773,50.48492707444661,0.7395
828,828,50.48501953377895,0.74
1753,1753,50.48540100511319,0.7405
1089,1089,50.48754828487735,0.741
817,817,50.4881944671122,0.7415
1772,1772,50.488445538446605,0.742
113,113,50.48899785166277,0.7425
339,339,50.48912983241764,0.743
1754,1754,50.48936798111319,0.7435
1313,1313,50.4905248803302,0.744
334,334,50.49070211510161,0.7445
1385,1385,50.49102796207951,0.745
1554,1554,50.49120752407291,0.7455
1771,1771,50.49185838111326,0.746
824,824,50.49406671244559,0.7465
1148,1148,50.49412207276131,0.747
275,275,50.4948845984935,0.7475
820,820,50.49583989644555,0.748
491,491,50.49732670281036,0.7485
1746,1746,50.49829631922919,0.749
1756,1756,50.498864706446525,0.7495
1769,1769,50.49987888244657,0.75
1757,1757,50.50044971977986,0.7505
333,333,50.50094878176827,0.751
1386,1386,50.50110491141284,0.7515
1758,1758,50.502855095779864,0.752
1768,1768,50.50305198111323,0.7525
1149,1149,50.50483875542798,0.753
1766,1766,50.50554375711321,0.7535
1765,1765,50.50636334111321,0.754
1440,1440,50.50765972138521,0.7545
1764,1764,50.50784222111321,0.755
1762,1762,50.50829279177987,0.7555
1761,1761,50.50842271177987,0.756
1760,1760,50.50945965044654,0.7565
1387,1387,50.511744506079516,0.757
1090,1090,50.514849371965106,0.7575
1150,1150,50.51507056342798,0.758
1552,1552,50.51974037813862,0.7585
1383,1383,50.523713452195516,0.759
331,331,50.52579670710159,0.7595
1146,1146,50.530581290877336,0.76
336,336,50.5313524350843,0.7605
1667,1667,50.53277279848145,0.761
1751,1751,50.53291133789587,0.7615
330,330,50.53488292576826,0.762
1152,1152,50.53771947588514,0.7625
279,279,50.53873442508854,0.763
280,280,50.53891311308854,0.7635
1441,1441,50.54147947376383,0.764
1389,1389,50.54286493228905,0.7645
1666,1666,50.544705869136564,0.765
1153,1153,50.54544761668514,0.7655
611,611,50.5460092306195,0.766
1390,1390,50.55006742783191,0.7665
1770,1770,50.553799423229265,0.767
1755,1755,50.55432150322921,0.7675
1154,1154,50.55440534681848,0.768
851,851,50.55552489668225,0.7685
328,328,50.557044301768244,0.769
1391,1391,50.55766366204144,0.7695
115,115,50.5626552273997,0.77
278,278,50.56313343881784,0.7705
373,373,50.564582469952434,0.771
327,327,50.56514387510158,0.7715
1767,1767,50.565492735229235,0.772
1392,1392,50.56572886691763,0.7725
1759,1759,50.56607538056255,0.773
1763,1763,50.56731004722922,0.7735
371,371,50.57297182000959,0.774
332,332,50.57760078921762,0.7745
319,319,50.577702944999004,0.775
490,490,50.57821245780486,0.7755
317,317,50.57826358438486,0.776
1156,1156,50.57943262727563,0.7765
1204,1204,50.579730157300276,0.777
114,114,50.57994834789725,0.7775
316,316,50.581243876956286,0.778
318,318,50.58331694393234,0.7785
325,325,50.585114174834914,0.779
315,315,50.58546929988962,0.7795
1157,1157,50.58607756777087,0.78
1151,1151,50.586607193505905,0.7805
1203,1203,50.586766623165055,0.781
359,359,50.587898882933,0.7815
1394,1394,50.58834388421288,0.782
1388,1388,50.589339244195536,0.7825
1158,1158,50.591713759770876,0.783
324,324,50.59292629003491,0.7835
1395,1395,50.594354081089065,0.784
1159,1159,50.597424757104214,0.7845
489,489,50.59821942803395,0.785
313,313,50.599373688156284,0.7855
1396,1396,50.59976758508907,0.786
312,312,50.60410900548962,0.7865
1789,1789,50.60480896758586,0.787
1397,1397,50.606170635755745,0.7875
610,610,50.6095026964931,0.788
372,372,50.60979248319342,0.7885
329,329,50.609822250550934,0.789
1086,1086,50.610247537374434,0.7895
1161,1161,50.61428299710422,0.79
322,322,50.61533443936824,0.7905
1085,1085,50.61554179006625,0.791
310,310,50.61825948015628,0.7915
1162,1162,50.61949005843755,0.792
1399,1399,50.62145404908909,0.7925
309,309,50.62216446148961,0.793
321,321,50.62254075830157,0.7935
1163,1163,50.62457549843756,0.794
1665,1665,50.62527416423498,0.7945
282,282,50.625312558561774,0.795
1400,1400,50.6254052490891,0.7955
1185,1185,50.625469311771006,0.796
281,281,50.625788334561776,0.7965
283,283,50.62630520922844,0.797
1155,1155,50.626436184896406,0.7975
308,308,50.62660297882294,0.798
320,320,50.6273941428349,0.7985
284,284,50.6283195878951,0.799
1184,1184,50.628955263771,0.7995
1401,1401,50.6299688330891,0.8
727,727,50.63019202440293,0.8005
116,116,50.63026930380573,0.801
1088,1088,50.630350654075365,0.8015
286,286,50.632137422561755,0.802
287,287,50.63240439856175,0.8025
117,117,50.63273419980573,0.803
1788,1788,50.63302077660739,0.8035
288,288,50.63378359856174,0.804
290,290,50.6345285579522,0.8045
306,306,50.63492101615628,0.805
301,301,50.63524690628961,0.8055
291,291,50.635493304618876,0.806
118,118,50.63563775180573,0.8065
302,302,50.636588154289605,0.807
305,305,50.63678367215628,0.8075
1393,1393,50.63716114011937,0.808
300,300,50.63732307695627,0.8085
1165,1165,50.637343221104224,0.809
304,304,50.637719234822946,0.8095
1182,1182,50.6382520211043,0.81
1403,1403,50.63840376642245,0.8105
326,326,50.63914610975093,0.811
1404,1404,50.639701441089116,0.8115
1087,1087,50.64011382088189,0.812
1166,1166,50.64013910377089,0.8125
1181,1181,50.6407277971043,0.813
298,298,50.64126819268961,0.8135
297,297,50.64152764868961,0.814
1405,1405,50.64203808108912,0.8145
1202,1202,50.642552861546896,0.815
1167,1167,50.642871903770896,0.8155
293,293,50.643591793756286,0.816
292,292,50.643792625756284,0.8165
1180,1180,50.64416191977095,0.817
296,296,50.644348790022946,0.8175
294,294,50.64491704175628,0.818
1439,1439,50.64627778062495,0.8185
609,609,50.648907816256425,0.819
1169,1169,50.65076195177089,0.8195
1178,1178,50.65203402643759,0.82
1177,1177,50.65294550377092,0.8205
274,274,50.65296143915776,0.821
1170,1170,50.653011167770885,0.8215
1407,1407,50.65454904642247,0.822
1171,1171,50.65511587177089,0.8225
1175,1175,50.65514799977091,0.823
1174,1174,50.6554005437709,0.8235
1173,1173,50.6555389117709,0.824
1408,1408,50.65722208108914,0.8245
314,314,50.65754882093897,0.825
1551,1551,50.658715326105714,0.8255
1409,1409,50.65875500908914,0.826
1411,1411,50.66395130775582,0.8265
1412,1412,50.66466107842249,0.827
1160,1160,50.66504119122023,0.8275
1413,1413,50.66565141442249,0.828
1416,1416,50.667946625089165,0.8285
323,323,50.668659989217595,0.829
728,728,50.6689502398257,0.8295
1415,1415,50.669115553089156,0.83
1550,1550,50.67210985013163,0.8305
1438,1438,50.67382104089208,0.831
1398,1398,50.67443916587176,0.8315
369,369,50.67646293585609,0.832
311,311,50.6779709542723,0.8325
1186,1186,50.678097959220366,0.833
1083,1083,50.678199816020026,0.8335
1164,1164,50.69151927122024,0.834
1183,1183,50.692964017887,0.8345
1402,1402,50.69347760853846,0.835
360,360,50.6940751746709,0.8355
119,119,50.695360826118694,0.836
307,307,50.697857002272286,0.8365
285,285,50.70083387801112,0.837
960,960,50.7017240092103,0.8375
289,289,50.703655844639655,0.838
1168,1168,50.705899025886914,0.8385
367,367,50.70595870027675,0.839
303,303,50.70654164227229,0.8395
1179,1179,50.70657169788695,0.84
1406,1406,50.707256040538475,0.8405
299,299,50.708481015072294,0.841
850,850,50.70850777451244,0.8415
1787,1787,50.70935367421378,0.842
1176,1176,50.71272091388693,0.8425
1172,1172,50.71379419388691,0.843
295,295,50.714107080138966,0.8435
374,374,50.714153028846546,0.844
1082,1082,50.71654589416256,0.8445
370,370,50.7166434307536,0.845
1410,1410,50.718715741871826,0.8455
726,726,50.71920057722374,0.846
961,961,50.72437943185617,0.8465
1084,1084,50.724641580328374,0.847
1414,1414,50.7252100565385,0.8475
1312,1312,50.740590800432955,0.848
1437,1437,50.75283760555859,0.8485
849,849,50.7535102120748,0.849
1664,1664,50.7586035935383,0.8495
608,608,50.76081323686599,0.85
1310,1310,50.76232047342223,0.8505
1311,1311,50.77019148656974,0.851
1549,1549,50.77732916506382,0.8515
1663,1663,50.77811632574834,0.852
1201,1201,50.79483565747351,0.8525
120,120,50.79685394657582,0.853
368,368,50.8030575586953,0.8535
1548,1548,50.80911723272906,0.854
1309,1309,50.80997173951982,0.8545
488,488,50.8144076987384,0.855
487,487,50.81735842797592,0.8555
848,848,50.82008754325913,0.856
846,846,50.82581313759521,0.8565
485,485,50.82781330856924,0.857
366,366,50.83887385667503,0.8575
1200,1200,50.843409012070225,0.858
486,486,50.843669626598675,0.8585
724,724,50.84859155431465,0.859
479,479,50.853992377629545,0.8595
1187,1187,50.85428535170639,0.86
715,715,50.87182562551557,0.8605
607,607,50.87923673756668,0.861
847,847,50.8800552272878,0.8615
1436,1436,50.88494302909611,0.862
606,606,50.88856281063446,0.8625
483,483,50.88912220745642,0.863
1786,1786,50.889643867345484,0.8635
482,482,50.89179924460977,0.864
1081,1081,50.89285999919924,0.8645
725,725,50.89689513412072,0.865
959,959,50.90277027753119,0.8655
1435,1435,50.9053097874839,0.866
845,845,50.91018031560793,0.8665
361,361,50.910280580770774,0.867
1080,1080,50.91599299233405,0.8675
605,605,50.921529138515524,0.868
484,484,50.927763623152345,0.8685
1547,1547,50.930887294252926,0.869
273,273,50.93404315103415,0.8695
272,272,50.9356205408706,0.87
121,121,50.941530160766575,0.8705
958,958,50.95368891330838,0.871
957,957,50.97824713773899,0.8715
1079,1079,50.978600446321934,0.872
1661,1661,50.98046920496795,0.8725
122,122,50.99007654589047,0.873
601,601,50.9935071319547,0.8735
1199,1199,50.99394383554438,0.874
1662,1662,50.99470147751164,0.8745
1545,1545,50.9962861613999,0.875
365,365,50.99661497931746,0.8755
123,123,50.99725561057618,0.876
1785,1785,51.000454717876394,0.8765
1308,1308,51.0038942701287,0.877
1784,1784,51.00846377073298,0.8775
124,124,51.01984234476954,0.878
481,481,51.02560407516029,0.8785
1434,1434,51.02971941302223,0.879
1544,1544,51.03032822451442,0.8795
270,270,51.03780225840309,0.88
1078,1078,51.04665853171066,0.8805
955,955,51.04924147237827,0.881
1433,1433,51.05603033995442,0.8815
1659,1659,51.05704318692114,0.882
723,723,51.06326345599546,0.8825
844,844,51.06341929061171,0.883
364,364,51.06463838854338,0.8835
1543,1543,51.06737256749159,0.884
1304,1304,51.07101716160066,0.8845
1198,1198,51.07160921068247,0.885
1077,1077,51.07189615423881,0.8855
1660,1660,51.0766701418268,0.886
843,843,51.08474977786478,0.8865
271,271,51.085329772840566,0.887
1658,1658,51.088532264397614,0.8875
1782,1782,51.10028803676242,0.888
125,125,51.10354206230462,0.8885
1657,1657,51.10731197995732,0.889
720,720,51.11796521204966,0.8895
722,722,51.12332852785222,0.89
1307,1307,51.12607284744853,0.8905
363,363,51.127908656700335,0.891
718,718,51.12952364538674,0.8915
717,717,51.1339695157065,0.892
1076,1076,51.136492868156274,0.8925
1783,1783,51.13795015364094,0.893
1196,1196,51.14045913187078,0.8935
126,126,51.146466081587604,0.894
1432,1432,51.146468252543094,0.8945
721,721,51.150488699570566,0.895
1781,1781,51.16262104456041,0.8955
719,719,51.18205223019321,0.896
1306,1306,51.183079564920526,0.8965
1197,1197,51.187162296733106,0.897
842,842,51.191845089775846,0.8975
956,956,51.19302987311347,0.898
156,156,51.208669325352574,0.8985
1546,1546,51.20979171086478,0.899
157,157,51.210483469352575,0.8995
604,604,51.21336155516656,0.9
1778,1778,51.21551377215638,0.9005
1305,1305,51.215682261144366,0.901
169,169,51.222963367432264,0.9015
170,170,51.22387127143226,0.902
1195,1195,51.22505338845722,0.9025
1779,1779,51.22752051965768,0.903
155,155,51.231486813088225,0.9035
480,480,51.23900819981126,0.904
1194,1194,51.24475368532531,0.9045
168,168,51.24699316587268,0.905
602,602,51.259056212342706,0.9055
1075,1075,51.262222369992855,0.906
1780,1780,51.26806413496849,0.9065
158,158,51.28389509280192,0.907
840,840,51.28636817026425,0.9075
269,269,51.28712136346045,0.908
1431,1431,51.289576451013524,0.9085
177,177,51.292665354205226,0.909
1074,1074,51.29418902479342,0.9095
178,178,51.29432295420523,0.91
1776,1776,51.29630896248127,0.9105
171,171,51.30790469534754,0.911
603,603,51.308586823325975,0.9115
172,172,51.309578679347545,0.912
1193,1193,51.310173350563964,0.9125
841,841,51.31809958003852,0.913
179,179,51.32917228015002,0.9135
180,180,51.32933957615001,0.914
159,159,51.332733325790095,0.9145
160,160,51.33338540899009,0.915
154,154,51.3376437215172,0.9155
839,839,51.3528666313724,0.916
1656,1656,51.362865234602936,0.9165
1073,1073,51.36452847072826,0.917
716,716,51.36501191092506,0.9175
1777,1777,51.365213242881865,0.918
1071,1071,51.37000960483158,0.9185
128,128,51.37137923482835,0.919
1417,1417,51.37365139155258,0.9195
167,167,51.378533870859634,0.92
161,161,51.38865566186195,0.9205
127,127,51.390899544659234,0.921
181,181,51.39095296714526,0.9215
182,182,51.391622407145256,0.922
1070,1070,51.392296116530304,0.9225
176,176,51.4075479164937,0.923
173,173,51.40762355015327,0.9235
151,151,51.40779223008874,0.924
1429,1429,51.41053804211534,0.9245
1191,1191,51.413007267439035,0.925
268,268,51.415326007973434,0.9255
153,153,51.42314223948507,0.926
1072,1072,51.42514929837846,0.9265
183,183,51.427183212379774,0.927
184,184,51.42943972437977,0.9275
185,185,51.42983281237976,0.928
1069,1069,51.43708453243918,0.9285
162,162,51.44846316928865,0.929
166,166,51.44862875824431,0.9295
837,837,51.451679565332554,0.93
1192,1192,51.453965450112655,0.9305
152,152,51.45531322760331,0.931
129,129,51.45622143570065,0.9315
1542,1542,51.45871860645849,0.932
1190,1190,51.461133536380984,0.9325
130,130,51.466588593025946,0.933
131,131,51.469069617025944,0.9335
150,150,51.46911850816215,0.934
838,838,51.47251540018049,0.9345
174,174,51.48458432108011,0.935
1068,1068,51.48973446652928,0.9355
175,175,51.49253587598921,0.936
186,186,51.498580894495774,0.9365
1430,1430,51.50331826355376,0.937
132,132,51.52475936510243,0.9375
1065,1065,51.532394078085,0.938
836,836,51.535629824976944,0.9385
163,163,51.53847329806973,0.939
165,165,51.53855346411554,0.9395
362,362,51.542441938141,0.94
187,187,51.545087153490286,0.9405
835,835,51.54572088739777,0.941
1774,1774,51.55855494799709,0.9415
954,954,51.560772789467684,0.942
1775,1775,51.5728273144508,0.9425
135,135,51.577899220535464,0.943
834,834,51.57885918962821,0.9435
134,134,51.578895225716415,0.944
133,133,51.599807859509205,0.9445
1188,1188,51.601908429274644,0.945
164,164,51.60320939617215,0.9455
190,190,51.60388044427437,0.946
188,188,51.60403583627437,0.9465
189,189,51.60408383627436,0.947
833,833,51.60609957037133,0.9475
1067,1067,51.611632598812555,0.948
1066,1066,51.61689494345448,0.9485
1428,1428,51.63078166960512,0.949
149,149,51.63898493445724,0.9495
196,196,51.64167173891449,0.95
194,194,51.64378746158116,0.9505
137,137,51.64438237480045,0.951
193,193,51.64460422958116,0.9515
192,192,51.64508126424783,0.952
138,138,51.66353214528252,0.9525
136,136,51.66761425156465,0.953
197,197,51.67011860705935,0.9535
191,191,51.67198417439039,0.954
1427,1427,51.67457405788105,0.9545
148,148,51.6812030430349,0.955
144,144,51.68201238166078,0.9555
264,264,51.685279891604104,0.956
142,142,51.685523012060784,0.9565
1426,1426,51.69363118073818,0.957
267,267,51.6962222538203,0.9575
141,141,51.70714473720595,0.958
195,195,51.71377508503051,0.9585
139,139,51.72117716807955,0.959
266,266,51.72871424910916,0.9595
143,143,51.751906477643466,0.96
1425,1425,51.76250600373501,0.9605
265,265,51.78483993202058,0.961
262,262,51.78838278305647,0.9615
145,145,51.79272688559729,0.962
1420,1420,51.80556827780673,0.9625
263,263,51.81338490454378,0.963
140,140,51.82914983703979,0.9635
147,147,51.8359964310776,0.964
1189,1189,51.83846497896449,0.9645
1422,1422,51.845646037863226,0.965
1421,1421,51.86048965325134,0.9655
1423,1423,51.87321567707985,0.966
198,198,51.88900294581376,0.9665
1424,1424,51.90568263240336,0.967
261,261,51.914305462129505,0.9675
199,199,51.99162247561368,0.968
1418,1418,52.009200212900566,0.9685
200,200,52.016013383133455,0.969
201,201,52.016655429000124,0.9695
202,202,52.01753398900012,0.97
204,204,52.03750976349363,0.9705
205,205,52.03755096242697,0.971
1419,1419,52.064216422456376,0.9715
203,203,52.086843779916144,0.972
248,248,52.10766422646915,0.9725
247,247,52.10885364513581,0.973
245,245,52.113202594469115,0.9735
244,244,52.11427997046912,0.974
242,242,52.117114999802446,0.9745
241,241,52.11831551180245,0.975
146,146,52.13325947293005,0.9755
260,260,52.13460213549622,0.976
240,240,52.13869040627518,0.9765
237,237,52.162938655516776,0.977
249,249,52.17216460725184,0.9775
236,236,52.176746531251034,0.978
246,246,52.17825734325181,0.9785
250,250,52.1782839070579,0.979
243,243,52.18284290058513,0.9795
213,213,52.197266691813184,0.98
212,212,52.19862906197422,0.9805
211,211,52.20028414875517,0.981
210,210,52.201170883688505,0.9815
209,209,52.201535250621845,0.982
208,208,52.20209220710385,0.9825
207,207,52.20229448337052,0.983
206,206,52.20272277990386,0.9835
239,239,52.212006239874206,0.984
238,238,52.22518455819688,0.9845
225,225,52.24398688254249,0.985
224,224,52.24823200254249,0.9855
222,222,52.260315714542486,0.986
221,221,52.26163129854249,0.9865
219,219,52.26551776254249,0.987
218,218,52.26667910654248,0.9875
216,216,52.26987910654248,0.988
215,215,52.27302950870352,0.9885
214,214,52.276289636703524,0.989
235,235,52.2882909976347,0.9895
253,253,52.3006505788384,0.99
252,252,52.30525691483841,0.9905
251,251,52.310166855878386,0.991
223,223,52.32070204732517,0.9915
220,220,52.330752863325166,0.992
217,217,52.335492191325166,0.9925
254,254,52.35967200495442,0.993
259,259,52.373653754821966,0.9935
257,257,52.3848428192822,0.994
256,256,52.43709196080754,0.9945
255,255,52.441538875158635,0.995
234,234,52.47260186697977,0.9955
226,226,52.48141713798331,0.996
258,258,52.51769500009389,0.9965
227,227,52.53792133544044,0.997
232,232,52.55829622572557,0.9975
233,233,52.602279495213615,0.998
231,231,52.60355181200351,0.9985
230,230,52.6492109954517,0.999
229,229,52.702696501299435,0.9995
228,228,52.71772817849843,1.0
