tl,mu,Mpi_block,Cop_block,Mpi_over_Cop,Cop_over_Cphys
20,22.297665737875192,10589.090909090908,10880,0.9732620320855614,0.07941605839416059
21,22.594643770415214,11118.545454545456,11424,0.9732620320855616,0.08338686131386862
22,22.75888565123644,11648.0,11968,0.9732620320855615,0.08735766423357665
23,22.66987747338051,12177.454545454544,12512,0.9732620320855614,0.09132846715328467
24,22.77988371731113,12706.90909090909,13056,0.9732620320855614,0.0952992700729927
25,22.92767431220077,13236.363636363638,13600,0.9732620320855616,0.09927007299270073
26,23.097991640048942,13765.818181818182,14144,0.9732620320855615,0.10324087591240876
27,23.261795588045565,14295.272727272728,14688,0.9732620320855615,0.10721167883211678
28,23.367422050569637,14824.727272727272,15232,0.9732620320855615,0.11118248175182482
29,23.360842697089566,15354.181818181818,15776,0.9732620320855615,0.11515328467153285
30,23.395541429745045,15883.636363636362,16320,0.9732620320855614,0.11912408759124088
31,23.435560104371454,16413.09090909091,16864,0.9732620320855616,0.1230948905109489
32,23.493269231763982,16942.545454545456,17408,0.9732620320855616,0.12706569343065693
33,23.5597107377954,17472.0,17952,0.9732620320855615,0.13103649635036496
34,23.638943729535896,18001.454545454544,18496,0.9732620320855614,0.135007299270073
35,23.71885456135814,18530.90909090909,19040,0.9732620320855614,0.13897810218978102
36,23.734208986336764,19060.363636363636,19584,0.9732620320855615,0.14294890510948904
37,23.71566498625362,19589.818181818184,20128,0.9732620320855616,0.14691970802919707
38,23.758034745992205,20119.272727272728,20672,0.9732620320855615,0.1508905109489051
39,23.786179396973218,20648.727272727272,21216,0.9732620320855615,0.15486131386861313
40,23.820781366588633,21178.181818181816,21760,0.9732620320855614,0.15883211678832118
41,23.843722037271778,21707.636363636364,22304,0.9732620320855615,0.1628029197080292
42,23.886895827668667,22237.09090909091,22848,0.9732620320855616,0.16677372262773724
43,23.90385631277452,22766.545454545456,23392,0.9732620320855615,0.17074452554744526
44,24.045754930604623,23296.0,23936,0.9732620320855615,0.1747153284671533
45,23.98469361319836,23825.454545454544,24480,0.9732620320855614,0.17868613138686132
46,24.03323331302149,24354.90909090909,25024,0.9732620320855614,0.18265693430656935
47,24.100526206462874,24884.363636363636,25568,0.9732620320855615,0.18662773722627737
48,24.160051054983704,25413.81818181818,26112,0.9732620320855614,0.1905985401459854
49,24.247761742882037,25943.272727272724,26656,0.9732620320855614,0.19456934306569343
50,24.317846446656223,26472.727272727276,27200,0.9732620320855616,0.19854014598540146
51,24.373731102687415,27002.18181818182,27744,0.9732620320855615,0.20251094890510948
52,24.438417540410224,27531.636363636364,28288,0.9732620320855615,0.2064817518248175
53,24.441414293667822,28061.09090909091,28832,0.9732620320855616,0.21045255474452554
54,24.487678101821263,28590.545454545456,29376,0.9732620320855615,0.21442335766423357
55,24.43216902955014,29120.0,29920,0.9732620320855615,0.2183941605839416
56,24.476320505447568,29649.454545454544,30464,0.9732620320855615,0.22236496350364965
57,24.51183160627852,30178.90909090909,31008,0.9732620320855614,0.22633576642335768
58,24.572403797575014,30708.363636363636,31552,0.9732620320855615,0.2303065693430657
59,24.60713589529788,31237.81818181818,32096,0.9732620320855614,0.23427737226277373
60,24.64272030702691,31767.272727272724,32640,0.9732620320855614,0.23824817518248176
61,24.653234517622924,32296.727272727276,33184,0.9732620320855616,0.24221897810218979
62,24.679623588292007,32826.18181818182,33728,0.9732620320855616,0.2461897810218978
63,24.52828821914668,33355.63636363637,34272,0.9732620320855616,0.25016058394160584
64,24.5794464071343,33885.09090909091,34816,0.9732620320855616,0.25413138686131387
65,24.619188495900513,34414.545454545456,35360,0.9732620320855615,0.2581021897810219
66,24.604898629387286,34944.0,35904,0.9732620320855615,0.2620729927007299
67,24.585362650283077,35473.454545454544,36448,0.9732620320855615,0.26604379562043795
68,24.558712989894957,36002.90909090909,36992,0.9732620320855614,0.270014598540146
69,24.51732965347597,36532.36363636363,37536,0.9732620320855614,0.273985401459854
70,24.48740700984841,37061.81818181818,38080,0.9732620320855614,0.27795620437956203
71,24.420068820848027,37591.27272727273,38624,0.9732620320855615,0.28192700729927006
72,24.40555009519453,38120.72727272727,39168,0.9732620320855615,0.2858978102189781
73,24.34511759979327,38650.18181818182,39712,0.9732620320855616,0.2898686131386861
74,24.329282556336878,39179.63636363637,40256,0.9732620320855616,0.29383941605839414
75,24.30524590612304,39709.09090909091,40800,0.9732620320855616,0.29781021897810217
76,24.27337140597478,40238.545454545456,41344,0.9732620320855615,0.3017810218978102
77,24.25746327855783,40768.0,41888,0.9732620320855615,0.3057518248175182
78,24.217571277589432,41297.454545454544,42432,0.9732620320855615,0.30972262773722625
79,24.234345165367298,41826.90909090909,42976,0.9732620320855614,0.3136934306569343
80,24.198933433371977,42356.36363636363,43520,0.9732620320855614,0.31766423357664236
81,24.179040298293362,42885.81818181818,44064,0.9732620320855614,0.3216350364963504
82,24.1705385299441,43415.27272727273,44608,0.9732620320855615,0.3256058394160584
83,24.15015847036487,43944.72727272727,45152,0.9732620320855615,0.32957664233576645
84,24.126380978656286,44474.18181818182,45696,0.9732620320855616,0.3335474452554745
85,24.072031613452165,45003.63636363637,46240,0.9732620320855616,0.3375182481751825
86,24.033921202710165,45533.09090909091,46784,0.9732620320855615,0.34148905109489053
87,24.01660521546667,46062.545454545456,47328,0.9732620320855615,0.34545985401459856
88,23.97023873226596,46592.0,47872,0.9732620320855615,0.3494306569343066
89,24.069768943831967,47121.45454545455,48416,0.9732620320855616,0.3534014598540146
90,24.134964336476777,47650.90909090909,48960,0.9732620320855614,0.35737226277372264
91,24.159809683104832,48180.36363636364,49504,0.9732620320855616,0.36134306569343067
92,24.217454881981908,48709.81818181818,50048,0.9732620320855614,0.3653138686131387
93,24.258678555474475,49239.27272727273,50592,0.9732620320855615,0.3692846715328467
94,24.31391263786842,49768.72727272727,51136,0.9732620320855615,0.37325547445255475
95,24.36643897191601,50298.18181818182,51680,0.9732620320855616,0.3772262773722628
96,24.410035712394823,50827.63636363636,52224,0.9732620320855614,0.3811970802919708
97,24.46696135513866,51357.09090909091,52768,0.9732620320855615,0.38516788321167883
98,24.50990518155667,51886.54545454545,53312,0.9732620320855614,0.38913868613138686
99,24.535111168020062,52416.0,53856,0.9732620320855615,0.3931094890510949
100,24.583091465924454,52945.45454545455,54400,0.9732620320855616,0.3970802919708029
