,Batch Id,batch_kv_tokens_percent
0,0,0.42109929078014185
1,1,0.421920147097452
2,2,0.4227410034147623
3,3,0.4235618597320725
4,4,0.843840294194904
5,5,0.8463028631468348
6,6,0.8479445757814553
7,7,0.8495862884160756
8,8,0.8512280010506961
9,9,0.8528697136853166
10,10,0.8545114263199369
11,11,0.8561531389545574
12,12,0.8577948515891779
13,13,0.8594365642237983
14,14,0.8610782768584186
15,15,0.8627199894930391
16,16,0.8643617021276596
17,17,0.8660034147622799
18,18,0.8676451273969004
19,19,0.8692868400315209
20,20,0.8709285526661413
21,21,0.8725702653007616
22,22,0.8742119779353822
23,23,0.8758536905700026
24,24,0.877495403204623
25,25,0.8791371158392436
26,26,0.8807788284738639
27,27,0.8824205411084843
28,28,0.8840622537431049
29,29,0.8857039663777253
30,30,0.8873456790123456
31,31,1.3076241134751774
32,32,1.7287234042553192
33,33,2.149822695035461
34,34,2.1596729708431837
35,35,2.163777252429735
36,36,2.167881534016286
37,37,2.171985815602837
38,38,2.176090097189388
39,39,2.180194378775939
40,40,2.18429866036249
41,41,2.1884029419490414
42,42,2.6086813764118726
43,43,2.617710795902285
44,44,2.6226359338061465
45,45,3.042914368268978
46,46,3.053585500394011
47,47,3.059331494615183
48,48,3.065077488836354
49,49,3.0708234830575254
50,50,3.076569477278697
51,51,3.082315471499869
52,52,3.08806146572104
53,53,3.0938074599422114
54,54,3.099553454163383
55,55,3.105299448384555
56,56,3.111045442605726
57,57,3.116791436826898
58,58,3.122537431048069
59,59,3.1282834252692413
60,60,3.5485618597320725
61,61,3.560874704491726
62,62,3.5674415550302077
63,63,3.574008405568689
64,64,3.5805752561071715
65,65,3.587142106645653
66,66,3.5937089571841345
67,67,3.6002758077226167
68,68,3.606842658261098
69,69,3.6134095087995797
70,70,3.619976359338061
71,71,3.6265432098765435
72,72,3.633110060415025
73,73,3.6396769109535065
74,74,3.6462437614919887
75,75,3.65281061203047
76,76,3.6593774625689517
77,77,4.079655897031784
78,78,4.500755187811925
79,79,4.522097452061991
80,80,4.530306015235093
81,81,4.538514578408195
82,82,4.546723141581298
83,83,4.5549317047544
84,84,4.563140267927502
85,85,4.571348831100605
86,86,4.5795573942737064
87,87,4.587765957446808
88,88,4.595974520619911
89,89,4.604183083793012
90,90,4.612391646966115
91,91,4.620600210139218
92,92,4.628808773312319
93,93,4.637017336485422
94,94,4.6452258996585245
95,95,4.653434462831626
96,96,4.661643026004728
97,97,4.66985158917783
98,98,5.090130023640662
99,99,5.511229314420804
100,100,5.537496716574731
101,101,5.547346992382454
102,102,5.557197268190176
103,103,5.567047543997899
104,104,5.576897819805621
105,105,5.586748095613344
106,106,6.007026530076176
107,107,6.428125820856318
108,108,6.459318360914105
109,109,6.470810349356448
110,110,6.482302337798791
111,111,6.493794326241134
112,112,6.505286314683478
113,113,6.516778303125821
114,114,6.528270291568164
115,115,6.539762280010507
116,116,6.551254268452849
117,117,6.562746256895193
118,118,6.574238245337536
119,119,6.58573023377988
120,120,6.597222222222222
121,121,6.608714210664565
122,122,7.0289926451273965
123,123,7.052797478329394
124,124,7.065110323089047
125,125,7.0774231678487
126,126,7.089736012608353
127,127,7.102048857368007
128,128,7.11436170212766
129,129,7.126674546887313
130,130,7.138987391646966
131,131,7.15130023640662
132,132,7.163613081166273
133,133,7.175925925925926
134,134,7.188238770685579
135,135,7.200551615445233
136,136,7.212864460204886
137,137,7.225177304964539
138,138,7.237490149724192
139,139,7.249802994483845
140,140,7.262115839243499
141,141,7.274428684003152
142,142,7.286741528762805
143,143,7.299054373522458
144,144,7.311367218282112
145,145,7.731645652744944
146,146,7.757092198581559
147,147,7.7702258996585245
148,148,7.783359600735487
149,149,7.7964933018124505
150,150,7.809627002889415
151,151,7.822760703966377
152,152,7.835894405043341
153,153,7.849028106120305
154,154,7.8621618071972685
155,155,7.875295508274231
156,156,7.888429209351195
157,157,7.901562910428159
158,158,7.914696611505121
159,159,7.927830312582087
160,160,7.940964013659049
161,161,7.954097714736013
162,162,7.967231415812977
163,163,7.980365116889939
164,164,7.993498817966903
165,165,8.006632519043867
166,166,8.01976622012083
167,167,8.032899921197794
168,168,8.046033622274756
169,169,8.059167323351721
170,170,8.072301024428684
171,171,8.085434725505646
172,172,8.098568426582611
173,173,8.111702127659575
174,174,8.124835828736538
175,175,8.137969529813502
176,176,8.151103230890465
177,177,8.164236931967428
178,178,8.177370633044392
179,179,8.190504334121355
180,180,8.203638035198319
181,181,8.216771736275282
182,182,8.229905437352246
183,183,8.243039138429209
184,184,8.256172839506174
185,185,8.269306540583136
186,186,8.2824402416601
187,187,8.295573942737064
188,188,8.308707643814026
189,189,8.32184134489099
190,190,8.334975045967953
191,191,8.348108747044918
192,192,8.36124244812188
193,193,8.374376149198843
194,194,8.387509850275809
195,195,8.400643551352772
196,196,8.413777252429734
197,197,8.426910953506699
198,198,8.440044654583662
199,199,8.453178355660624
200,200,8.46631205673759
201,201,8.479445757814553
202,202,8.492579458891516
203,203,8.50571315996848
204,204,8.518846861045443
205,205,8.531980562122406
206,206,8.54511426319937
207,207,8.558247964276333
208,208,8.571381665353297
209,209,8.58451536643026
210,210,9.004793800893092
211,211,9.03188205936433
212,212,9.045836616758603
213,213,9.059791174152876
214,214,9.07374573154715
215,215,9.087700288941424
216,216,9.101654846335698
217,217,9.115609403729971
218,218,9.129563961124244
219,219,9.143518518518519
220,220,9.157473075912792
221,221,9.171427633307067
222,222,9.18538219070134
223,223,9.605660625164171
224,224,9.634390596270029
225,225,9.649166009981613
226,226,9.663941423693197
227,227,9.678716837404782
228,228,9.693492251116364
229,229,9.708267664827948
230,230,9.723043078539533
231,231,9.737818492251115
232,232,9.7525939059627
233,233,9.767369319674284
234,234,9.782144733385868
235,235,9.79692014709745
236,236,9.811695560809037
237,237,9.82647097452062
238,238,10.246749408983453
239,239,10.277121092723931
240,240,10.292717362752823
241,241,10.308313632781719
242,242,10.32390990281061
243,243,10.339506172839506
244,244,10.3551024428684
245,245,10.370698712897294
246,246,10.38629498292619
247,247,10.401891252955082
248,248,10.417487522983977
249,249,10.433083793012871
250,250,10.448680063041765
251,251,10.464276333070659
252,252,10.88455476753349
253,253,10.91656816390859
254,254,10.932985290254795
255,255,10.949402416600998
256,256,10.965819542947203
257,257,10.982236669293407
258,258,10.99865379563961
259,259,11.015070921985815
260,260,11.031488048332019
261,261,11.047905174678224
262,262,11.06432230102443
263,263,11.080739427370633
264,264,11.097156553716838
265,265,11.113573680063043
266,266,11.129990806409246
267,267,11.14640793275545
268,268,11.162825059101655
269,269,11.179242185447858
270,270,11.195659311794063
271,271,11.212076438140269
272,272,11.228493564486472
273,273,11.244910690832677
274,274,11.261327817178882
275,275,11.277744943525086
276,276,11.29416206987129
277,277,11.310579196217493
278,278,11.326996322563698
279,279,11.343413448909903
280,280,11.359830575256106
281,281,11.376247701602312
282,282,11.392664827948517
283,283,11.40908195429472
284,284,11.425499080640925
285,285,11.441916206987129
286,286,11.458333333333332
287,287,11.474750459679537
288,288,11.491167586025743
289,289,11.507584712371946
290,290,11.524001838718151
291,291,11.540418965064356
292,292,11.55683609141056
293,293,11.573253217756765
294,294,11.589670344102968
295,295,11.606087470449172
296,296,11.622504596795377
297,297,11.63892172314158
298,298,11.655338849487785
299,299,11.67175597583399
300,300,11.688173102180194
301,301,11.7045902285264
302,302,11.721007354872604
303,303,11.737424481218808
304,304,11.753841607565011
305,305,11.770258733911216
306,306,11.78667586025742
307,307,11.803092986603625
308,308,11.81951011294983
309,309,11.835927239296034
310,310,11.852344365642239
311,311,11.868761491988442
312,312,11.885178618334646
313,313,11.90159574468085
314,314,11.918012871027056
315,315,11.93442999737326
316,316,11.950847123719464
317,317,11.967264250065668
318,318,11.983681376411873
319,319,12.000098502758078
320,320,12.016515629104282
321,321,12.032932755450485
322,322,12.04934988179669
323,323,12.065767008142894
324,324,12.082184134489099
325,325,12.098601260835304
326,326,12.115018387181507
327,327,12.131435513527713
328,328,12.147852639873918
329,329,12.164269766220121
330,330,12.180686892566325
331,331,12.19710401891253
332,332,12.213521145258733
333,333,12.229938271604938
334,334,12.246355397951143
335,335,12.262772524297347
336,336,12.279189650643552
337,337,12.295606776989755
338,338,12.31202390333596
339,339,12.328441029682164
340,340,12.344858156028367
341,341,12.361275282374573
342,342,12.377692408720778
343,343,12.394109535066981
344,344,12.410526661413186
345,345,12.426943787759392
346,346,12.443360914105595
347,347,12.4597780404518
348,348,12.476195166798004
349,349,12.492612293144207
350,350,12.50902941949041
351,351,12.525446545836616
352,352,12.54186367218282
353,353,12.558280798529026
354,354,12.574697924875231
355,355,12.591115051221436
356,356,12.607532177567638
357,357,12.623949303913843
358,358,12.640366430260046
359,359,12.656783556606252
360,360,12.673200682952457
361,361,12.689617809298662
362,362,12.706034935644864
363,363,12.722452061991069
364,364,12.738869188337274
365,365,12.755286314683477
366,366,12.771703441029683
367,367,12.788120567375886
368,368,12.80453769372209
369,369,12.820954820068295
370,370,12.8373719464145
371,371,12.853789072760705
372,372,12.87020619910691
373,373,12.886623325453112
374,374,12.903040451799317
375,375,12.919457578145522
376,376,12.935874704491725
377,377,12.95229183083793
378,378,12.968708957184136
379,379,12.985126083530337
380,380,13.001543209876543
381,381,13.017960336222748
382,382,13.034377462568953
383,383,13.050794588915156
384,384,13.06721171526136
385,385,13.083628841607563
386,386,13.100045967953768
387,387,13.116463094299974
388,388,13.132880220646179
389,389,13.149297346992384
390,390,13.165714473338586
391,391,13.18213159968479
392,392,13.198548726030996
393,393,13.2149658523772
394,394,13.231382978723405
395,395,13.24780010506961
396,396,13.264217231415811
397,397,13.280634357762017
398,398,13.297051484108222
399,399,13.313468610454427
400,400,13.329885736800632
401,401,13.346302863146835
402,402,13.362719989493039
403,403,13.379137115839242
404,404,13.395554242185447
405,405,13.411971368531653
406,406,13.428388494877858
407,407,13.44480562122406
408,408,13.461222747570265
409,409,13.47763987391647
410,410,13.494057000262675
411,411,13.510474126608878
412,412,13.526891252955084
413,413,13.543308379301285
414,414,13.55972550564749
415,415,13.576142631993696
416,416,13.5925597583399
417,417,13.608976884686106
418,418,13.62539401103231
419,419,13.641811137378513
420,420,13.658228263724718
421,421,13.674645390070921
422,422,13.691062516417126
423,423,13.707479642763332
424,424,13.723896769109533
425,425,13.740313895455738
426,426,13.756731021801944
427,427,13.773148148148149
428,428,13.789565274494354
429,429,13.805982400840557
430,430,13.82239952718676
431,431,13.838816653532964
432,432,13.85523377987917
433,433,13.871650906225375
434,434,13.88806803257158
435,435,13.904485158917785
436,436,13.920902285263987
437,437,13.937319411610192
438,438,13.953736537956395
439,439,13.9701536643026
440,440,13.986570790648805
441,441,14.00298791699501
442,442,14.019405043341212
443,443,14.035822169687417
444,444,14.052239296033623
445,445,14.068656422379828
446,446,14.085073548726031
447,447,14.101490675072235
448,448,14.11790780141844
449,449,14.134324927764643
450,450,14.150742054110848
451,451,14.167159180457054
452,452,14.183576306803259
453,453,14.19999343314946
454,454,14.216410559495666
455,455,14.23282768584187
456,456,14.249244812188074
457,457,14.26566193853428
458,458,14.282079064880485
459,459,14.298496191226686
460,460,14.314913317572891
461,461,14.331330443919096
462,462,14.347747570265302
463,463,14.364164696611507
464,464,14.380581822957708
465,465,14.396998949303914
466,466,14.413416075650117
467,467,14.429833201996322
468,468,14.446250328342527
469,469,14.462667454688733
470,470,14.479084581034934
471,471,14.49550170738114
472,472,14.511918833727345
473,473,14.52833596007355
474,474,14.544753086419753
475,475,14.561170212765958
476,476,14.57758733911216
477,477,14.594004465458365
478,478,14.61042159180457
479,479,14.626838718150776
480,480,14.64325584449698
481,481,14.659672970843186
482,482,14.676090097189388
483,483,14.692507223535593
484,484,14.708924349881796
485,485,14.725341476228001
486,486,14.741758602574206
487,487,14.758175728920408
488,488,14.774592855266613
489,489,14.791009981612818
490,490,14.807427107959024
491,491,14.823844234305227
492,492,14.840261360651432
493,493,14.856678486997636
494,494,14.873095613343839
495,495,14.889512739690044
496,496,14.90592986603625
497,497,14.922346992382455
498,498,14.93876411872866
499,499,14.955181245074861
500,500,14.971598371421067
501,501,14.988015497767272
502,502,15.004432624113475
503,503,15.02084975045968
504,504,15.037266876805882
505,505,15.053684003152087
506,506,15.070101129498292
507,507,15.086518255844497
508,508,15.102935382190703
509,509,15.119352508536906
510,510,15.13576963488311
511,511,15.152186761229313
512,512,15.168603887575518
513,513,15.185021013921723
514,514,15.201438140267928
515,515,15.217855266614134
516,516,15.234272392960335
517,517,15.25068951930654
518,518,15.267106645652746
519,519,15.283523771998949
520,520,15.299940898345154
521,521,15.316358024691358
522,522,15.332775151037561
523,523,15.349192277383766
524,524,15.365609403729971
525,525,15.382026530076176
526,526,15.398443656422382
527,527,15.414860782768583
528,528,15.431277909114788
529,529,15.447695035460992
530,530,15.464112161807197
531,531,15.480529288153402
532,532,15.496946414499607
533,533,15.513363540845809
534,534,15.529780667192014
535,535,15.54619779353822
536,536,15.562614919884425
537,537,15.579032046230628
538,538,15.595449172576833
539,539,15.611866298923035
540,540,15.62828342526924
541,541,15.644700551615445
542,542,15.66111767796165
543,543,15.677534804307856
544,544,15.693951930654057
545,545,15.710369057000262
546,546,15.726786183346467
547,547,15.743203309692671
548,548,15.759620436038876
549,549,15.776037562385081
550,550,15.792454688731283
551,551,15.808871815077488
552,552,15.825288941423693
553,553,15.841706067769898
554,554,15.858123194116104
555,555,15.874540320462307
556,556,15.89095744680851
557,557,15.907374573154714
558,558,15.923791699500919
559,559,15.940208825847124
560,560,15.95662595219333
561,561,15.973043078539531
562,562,15.989460204885736
563,563,16.00587733123194
564,564,16.022294457578145
565,565,16.03871158392435
566,566,16.055128710270555
567,567,16.071545836616757
568,568,16.087962962962962
569,569,16.104380089309167
570,570,16.120797215655372
571,571,16.137214342001577
572,572,16.153631468347783
573,573,16.170048594693984
574,574,16.18646572104019
575,575,16.202882847386395
576,576,16.2192999737326
577,577,16.2357171000788
578,578,16.252134226425007
579,579,16.268551352771212
580,580,16.284968479117413
581,581,16.30138560546362
582,582,16.317802731809824
583,583,16.33421985815603
584,584,16.35063698450223
585,585,16.367054110848436
586,586,16.38347123719464
587,587,16.399888363540846
588,588,16.41630548988705
589,589,16.432722616233256
590,590,16.449139742579458
591,591,16.465556868925663
592,592,16.48197399527187
593,593,16.498391121618074
594,594,16.51480824796428
595,595,16.53122537431048
596,596,16.547642500656686
597,597,16.564059627002887
598,598,16.580476753349092
599,599,16.596893879695298
600,600,16.613311006041503
601,601,16.629728132387704
602,602,16.64614525873391
603,603,16.662562385080115
604,604,16.67897951142632
605,605,16.695396637772525
606,606,16.71181376411873
607,607,16.728230890464932
608,608,16.744648016811137
609,609,16.761065143157342
610,610,16.777482269503547
611,611,16.793899395849753
612,612,16.810316522195954
613,613,16.82673364854216
614,614,16.843150774888365
615,615,16.859567901234566
616,616,16.87598502758077
617,617,16.892402153926977
618,618,16.90881928027318
619,619,16.925236406619383
620,620,16.94165353296559
621,621,16.958070659311794
622,622,16.974487785658
623,623,16.990904912004204
624,624,17.007322038350406
625,625,17.02373916469661
626,626,17.040156291042816
627,627,17.05657341738902
628,628,17.072990543735227
629,629,17.08940767008143
630,630,17.105824796427633
631,631,17.12224192277384
632,632,17.138659049120044
633,633,17.155076175466245
634,634,17.17149330181245
635,635,17.187910428158656
636,636,17.204327554504857
637,637,17.220744680851062
638,638,17.237161807197268
639,639,17.253578933543473
640,640,17.269996059889678
641,641,17.28641318623588
642,642,17.302830312582085
643,643,17.31924743892829
644,644,17.335664565274495
645,645,17.3520816916207
646,646,17.368498817966906
647,647,17.384915944313107
648,648,17.401333070659312
649,649,17.417750197005518
650,650,17.43416732335172
651,651,17.450584449697924
652,652,17.46700157604413
653,653,17.48341870239033
654,654,17.499835828736536
655,655,17.51625295508274
656,656,17.532670081428947
657,657,17.549087207775152
658,658,17.565504334121353
659,659,17.58192146046756
660,660,17.598338586813764
661,661,17.61475571315997
662,662,17.631172839506174
663,663,17.64758996585238
664,664,17.66400709219858
665,665,17.680424218544786
666,666,17.69684134489099
667,667,17.713258471237197
668,668,17.729675597583398
669,669,17.746092723929603
670,670,17.762509850275805
671,671,17.77892697662201
672,672,17.795344102968215
673,673,17.81176122931442
674,674,17.828178355660626
675,675,17.84459548200683
676,676,17.861012608353033
677,677,17.877429734699238
678,678,17.893846861045443
679,679,17.910263987391648
680,680,17.926681113737853
681,681,17.943098240084055
682,682,17.95951536643026
683,683,17.975932492776465
684,684,17.99234961912267
685,685,18.008766745468876
686,686,18.025183871815077
687,687,18.041600998161282
688,688,18.058018124507484
689,689,18.07443525085369
690,690,18.090852377199894
691,691,18.1072695035461
692,692,18.123686629892305
693,693,18.140103756238506
694,694,18.15652088258471
695,695,18.172938008930917
696,696,18.189355135277122
697,697,18.205772261623327
698,698,18.22218938796953
699,699,18.238606514315734
700,700,18.25502364066194
701,701,18.271440767008144
702,702,18.28785789335435
703,703,18.30427501970055
704,704,18.320692146046756
705,705,18.337109272392958
706,706,18.353526398739163
707,707,18.369943525085368
708,708,18.386360651431573
709,709,18.40277777777778
710,710,18.41919490412398
711,711,18.435612030470185
712,712,18.45202915681639
713,713,18.468446283162596
714,714,18.4848634095088
715,715,18.501280535855006
716,716,18.517697662201208
717,717,18.534114788547413
718,718,18.550531914893618
719,719,18.566949041239823
720,720,18.58336616758603
721,721,18.59978329393223
722,722,18.616200420278435
723,723,18.632617546624637
724,724,18.649034672970842
725,725,18.665451799317047
726,726,18.681868925663252
727,727,18.698286052009454
728,728,18.71470317835566
729,729,18.731120304701864
730,730,18.74753743104807
731,731,18.763954557394275
732,732,18.78037168374048
733,733,18.79678881008668
734,734,18.813205936432887
735,735,18.829623062779092
736,736,18.846040189125297
737,737,18.862457315471502
738,738,18.878874441817704
739,739,18.89529156816391
740,740,18.911708694510114
741,741,18.928125820856316
742,742,18.94454294720252
743,743,18.960960073548726
744,744,18.977377199894928
745,745,18.993794326241133
746,746,19.01021145258734
747,747,19.026628578933543
748,748,19.04304570527975
749,749,19.059462831625954
750,750,19.075879957972155
751,751,19.09229708431836
752,752,19.108714210664566
753,753,19.12513133701077
754,754,19.141548463356976
755,755,19.157965589703178
756,756,19.174382716049383
757,757,19.190799842395588
758,758,19.20721696874179
759,759,19.223634095087995
760,760,19.2400512214342
761,761,19.2564683477804
762,762,19.272885474126607
763,763,19.289302600472812
764,764,19.305719726819017
765,765,19.322136853165222
766,766,19.338553979511428
767,767,19.35497110585763
768,768,19.371388232203834
769,769,19.38780535855004
770,770,19.404222484896245
771,771,19.42063961124245
772,772,19.437056737588655
773,773,19.453473863934857
774,774,19.469890990281062
775,775,19.486308116627267
776,776,19.50272524297347
777,777,19.519142369319674
778,778,19.53555949566588
779,779,19.55197662201208
780,780,19.568393748358286
781,781,19.58481087470449
782,782,19.601228001050696
783,783,19.6176451273969
784,784,19.634062253743103
785,785,19.65047938008931
786,786,19.666896506435513
787,787,19.68331363278172
788,788,19.699730759127924
789,789,19.71614788547413
790,790,19.73256501182033
791,791,19.748982138166536
792,792,19.76539926451274
793,793,19.781816390858946
794,794,19.798233517205148
795,795,19.814650643551353
796,796,19.831067769897555
797,797,19.84748489624376
798,798,19.863902022589965
799,799,19.88031914893617
800,800,19.896736275282375
801,801,19.913153401628577
802,802,19.929570527974782
803,803,19.945987654320987
804,804,19.962404780667192
805,805,19.978821907013398
806,806,19.995239033359603
807,807,20.011656159705804
808,808,20.02807328605201
809,809,20.044490412398215
810,810,20.06090753874442
811,811,20.07732466509062
812,812,20.093741791436827
813,813,20.110158917783032
814,814,20.126576044129234
815,815,20.14299317047544
816,816,20.159410296821644
817,817,20.17582742316785
818,818,20.19224454951405
819,819,20.208661675860256
820,820,20.22507880220646
821,821,20.241495928552666
822,822,20.25791305489887
823,823,20.274330181245077
824,824,20.29074730759128
825,825,20.307164433937483
826,826,20.32358156028369
827,827,20.339998686629894
828,828,20.3564158129761
829,829,20.3728329393223
830,830,20.389250065668506
831,831,20.40566719201471
832,832,20.422084318360913
833,833,20.438501444707118
834,834,20.454918571053323
835,835,20.471335697399525
836,836,20.48775282374573
837,837,20.504169950091935
838,838,20.52058707643814
839,839,20.537004202784345
840,840,20.55342132913055
841,841,20.569838455476752
842,842,20.586255581822957
843,843,20.602672708169163
844,844,20.619089834515368
845,845,20.635506960861573
846,846,20.651924087207778
847,847,20.66834121355398
848,848,20.684758339900185
849,849,20.701175466246386
850,850,20.71759259259259
851,851,20.734009718938797
852,852,20.750426845285002
853,853,20.766843971631204
854,854,20.78326109797741
855,855,20.799678224323614
856,856,20.81609535066982
857,857,20.832512477016024
858,858,20.848929603362226
859,859,20.86534672970843
860,860,20.881763856054636
861,861,20.89818098240084
862,862,20.914598108747047
863,863,20.931015235093252
864,864,20.947432361439454
865,865,20.96384948778566
866,866,20.980266614131864
867,867,20.996683740478066
868,868,21.01310086682427
869,869,21.029517993170476
870,870,21.045935119516678
871,871,21.062352245862883
872,872,21.078769372209088
873,873,21.095186498555293
874,874,21.111603624901498
875,875,21.1280207512477
876,876,21.144437877593905
877,877,21.16085500394011
878,878,21.177272130286315
879,879,21.19368925663252
880,880,21.210106382978726
881,881,21.226523509324927
882,882,21.242940635671133
883,883,21.259357762017338
884,884,21.275774888363543
885,885,21.292192014709745
886,886,21.30860914105595
887,887,21.32502626740215
888,888,21.341443393748357
889,889,21.35786052009456
890,890,21.374277646440767
891,891,21.390694772786972
892,892,21.407111899133174
893,893,21.42352902547938
894,894,21.439946151825584
895,895,21.45636327817179
896,896,21.472780404517994
897,897,21.4891975308642
898,898,21.5056146572104
899,899,21.522031783556606
900,900,21.53844890990281
901,901,21.554866036249017
902,902,21.57128316259522
903,903,21.587700288941424
904,904,21.604117415287625
905,905,21.62053454163383
906,906,21.636951667980036
907,907,21.65336879432624
908,908,21.669785920672446
909,909,21.68620304701865
910,910,21.702620173364853
911,911,21.719037299711058
912,912,21.735454426057263
913,913,21.75187155240347
914,914,21.768288678749673
915,915,21.784705805095875
916,916,21.80112293144208
917,917,21.817540057788285
918,918,21.83395718413449
919,919,21.850374310480696
920,920,21.866791436826897
921,921,21.883208563173103
922,922,21.899625689519304
923,923,21.91604281586551
924,924,21.932459942211715
925,925,21.94887706855792
926,926,21.965294194904125
927,927,21.981711321250327
928,928,21.99812844759653
929,929,22.014545573942737
930,930,22.030962700288942
931,931,22.047379826635147
932,932,22.06379695298135
933,933,22.080214079327554
934,934,22.09663120567376
935,935,22.113048332019964
936,936,22.12946545836617
937,937,22.145882584712375
938,938,22.162299711058576
939,939,22.17871683740478
940,940,22.195133963750983
941,941,22.21155109009719
942,942,22.227968216443394
943,943,22.2443853427896
944,944,22.2608024691358
945,945,22.277219595482006
946,946,22.29363672182821
947,947,22.310053848174416
948,948,22.32647097452062
949,949,22.342888100866826
950,950,22.359305227213028
951,951,22.375722353559233
952,952,22.39213947990544
953,953,22.408556606251643
954,954,22.42497373259785
955,955,22.44139085894405
956,956,22.457807985290255
957,957,22.474225111636457
958,958,22.490642237982662
959,959,22.507059364328867
960,960,22.523476490675073
961,961,22.539893617021274
962,962,22.55631074336748
963,963,22.572727869713685
964,964,22.58914499605989
965,965,22.605562122406095
966,966,22.6219792487523
967,967,22.638396375098502
968,968,22.654813501444707
969,969,22.671230627790912
970,970,22.687647754137117
971,971,22.704064880483322
972,972,22.720482006829524
973,973,22.73689913317573
974,974,22.753316259521934
975,975,22.769733385868136
976,976,22.78615051221434
977,977,22.802567638560546
978,978,22.818984764906748
979,979,22.835401891252953
980,980,22.85181901759916
981,981,22.868236143945364
982,982,22.88465327029157
983,983,22.901070396637774
984,984,22.917487522983976
985,985,22.93390464933018
986,986,22.950321775676386
987,987,22.96673890202259
988,988,22.983156028368796
989,989,22.999573154714998
990,990,23.015990281061203
991,991,23.03240740740741
992,992,23.048824533753614
993,993,23.065241660099815
994,994,23.08165878644602
995,995,23.098075912792222
996,996,23.114493039138427
997,997,23.130910165484632
998,998,23.147327291830837
999,999,23.163744418177043
1000,1000,21.938205936432887
1001,1001,21.95380220646178
1002,1002,21.969398476490674
1003,1003,21.984994746519572
1004,1004,22.000591016548462
1005,1005,20.774231678487
1006,1006,20.78900709219858
1007,1007,20.803782505910164
1008,1008,20.81855791962175
1009,1009,20.833333333333336
1010,1010,20.848108747044915
1011,1011,20.8628841607565
1012,1012,20.877659574468087
1013,1013,20.89243498817967
1014,1014,20.907210401891252
1015,1015,20.921985815602838
1016,1016,20.93676122931442
1017,1017,20.951536643026007
1018,1018,20.96631205673759
1019,1019,20.98108747044917
1020,1020,20.995862884160758
1021,1021,21.01063829787234
1022,1022,21.025413711583923
1023,1023,21.04018912529551
1024,1024,21.05496453900709
1025,1025,21.069739952718678
1026,1026,21.08451536643026
1027,1027,21.099290780141843
1028,1028,21.11406619385343
1029,1029,21.128841607565015
1030,1030,21.143617021276594
1031,1031,21.15839243498818
1032,1032,19.9312122406094
1033,1033,18.70321118991332
1034,1034,17.47438928289992
1035,1035,17.486702127659576
1036,1036,17.49901497241923
1037,1037,17.51132781717888
1038,1038,17.523640661938533
1039,1039,17.53595350669819
1040,1040,17.54826635145784
1041,1041,17.560579196217493
1042,1042,17.57289204097715
1043,1043,16.34324927764644
1044,1044,16.354741266088784
1045,1045,16.366233254531124
1046,1046,15.13576963488311
1047,1047,15.146440767008142
1048,1048,15.157111899133174
1049,1049,15.167783031258208
1050,1050,15.178454163383243
1051,1051,15.189125295508275
1052,1052,15.199796427633308
1053,1053,15.210467559758339
1054,1054,15.221138691883374
1055,1055,15.231809824008405
1056,1056,15.24248095613344
1057,1057,15.25315208825847
1058,1058,15.263823220383504
1059,1059,15.274494352508535
1060,1060,15.28516548463357
1061,1061,14.053881008668242
1062,1062,14.063731284475967
1063,1063,14.073581560283689
1064,1064,14.083431836091412
1065,1065,14.093282111899134
1066,1066,14.103132387706857
1067,1067,14.112982663514579
1068,1068,14.122832939322302
1069,1069,14.132683215130024
1070,1070,14.142533490937748
1071,1071,14.15238376674547
1072,1072,14.162234042553193
1073,1073,14.172084318360914
1074,1074,14.181934594168638
1075,1075,14.19178486997636
1076,1076,14.201635145784081
1077,1077,14.211485421591805
1078,1078,12.979380089309167
1079,1079,11.74645390070922
1080,1080,11.754662463882322
1081,1081,11.762871027055425
1082,1082,11.771079590228526
1083,1083,11.779288153401628
1084,1084,11.78749671657473
1085,1085,11.795705279747832
1086,1086,11.803913842920934
1087,1087,11.812122406094037
1088,1088,11.82033096926714
1089,1089,11.828539532440242
1090,1090,11.836748095613343
1091,1091,11.844956658786446
1092,1092,11.853165221959548
1093,1093,11.86137378513265
1094,1094,11.869582348305753
1095,1095,11.877790911478854
1096,1096,11.885999474651957
1097,1097,11.89420803782506
1098,1098,11.902416600998162
1099,1099,10.668669556080904
1100,1100,9.434101654846335
1101,1101,9.440668505384817
1102,1102,9.447235355923299
1103,1103,9.45380220646178
1104,1104,9.460369057000264
1105,1105,9.466935907538744
1106,1106,9.473502758077226
1107,1107,8.238114000525348
1108,1108,7.00190438665616
1109,1109,7.006829524560021
1110,1110,7.011754662463883
1111,1111,7.0166798003677435
1112,1112,7.021604938271605
1113,1113,7.026530076175466
1114,1114,7.031455214079328
1115,1115,7.036380351983189
1116,1116,7.041305489887051
1117,1117,7.046230627790911
1118,1118,7.051155765694774
1119,1119,7.056080903598634
1120,1120,7.061006041502495
1121,1121,7.065931179406356
1122,1122,7.070856317310217
1123,1123,5.83382584712372
1124,1124,5.83793012871027
1125,1125,5.842034410296821
1126,1126,5.846138691883373
1127,1127,5.850242973469924
1128,1128,5.854347255056474
1129,1129,5.858451536643026
1130,1130,5.862555818229577
1131,1131,5.866660099816128
1132,1132,5.8707643814026795
1133,1133,5.874868662989231
1134,1134,5.878972944575781
1135,1135,5.8830772261623325
1136,1136,5.887181507748884
1137,1137,5.891285789335435
1138,1138,5.895390070921986
1139,1139,5.899494352508537
1140,1140,5.903598634095088
1141,1141,5.9077029156816385
1142,1142,5.91180719726819
1143,1143,5.915911478854741
1144,1144,5.920015760441292
1145,1145,5.924120042027844
1146,1146,4.686268715524035
1147,1147,4.689552140793276
1148,1148,4.6928355660625165
1149,1149,4.696118991331757
1150,1150,4.699402416600998
1151,1151,4.702685841870239
1152,1152,4.70596926713948
1153,1153,4.709252692408721
1154,1154,4.712536117677962
1155,1155,4.7158195429472025
1156,1156,4.719102968216443
1157,1157,4.722386393485684
1158,1158,4.725669818754925
1159,1159,4.728953244024166
1160,1160,4.732236669293407
1161,1161,4.735520094562648
1162,1162,4.7388035198318885
1163,1163,4.742086945101129
1164,1164,4.74537037037037
1165,1165,4.748653795639611
1166,1166,4.751937220908852
1167,1167,4.755220646178094
1168,1168,4.758504071447334
1169,1169,4.7617874967165745
1170,1170,4.765070921985816
1171,1171,4.768354347255056
1172,1172,4.771637772524297
1173,1173,4.774921197793539
1174,1174,4.778204623062779
1175,1175,4.78148804833202
1176,1176,4.784771473601261
1177,1177,4.788054898870501
1178,1178,4.791338324139742
1179,1179,4.794621749408984
1180,1180,4.797905174678224
1181,1181,4.801188599947466
1182,1182,4.804472025216707
1183,1183,4.8077554504859465
1184,1184,4.811038875755188
1185,1185,4.814322301024428
1186,1186,4.817605726293669
1187,1187,4.820889151562911
1188,1188,4.824172576832151
1189,1189,4.827456002101392
1190,1190,4.830739427370633
1191,1191,4.834022852639873
1192,1192,4.837306277909114
1193,1193,4.840589703178356
1194,1194,4.843873128447596
1195,1195,4.847156553716838
1196,1196,4.850439978986079
1197,1197,4.853723404255319
1198,1198,4.85700682952456
1199,1199,4.860290254793801
1200,1200,4.863573680063041
1201,1201,4.866857105332283
1202,1202,4.870140530601524
1203,1203,4.873423955870764
1204,1204,4.8767073811400055
1205,1205,4.879990806409246
1206,1206,4.883274231678487
1207,1207,4.886557656947728
1208,1208,4.889841082216969
1209,1209,4.89312450748621
1210,1210,4.896407932755451
1211,1211,3.6577357499343313
1212,1212,3.6601983188862626
1213,1213,3.662660887838193
1214,1214,3.665123456790124
1215,1215,3.6675860257420543
1216,1216,3.670048594693985
1217,1217,3.6725111636459156
1218,1218,3.6749737325978464
1219,1219,3.677436301549777
1220,1220,3.6798988705017077
1221,1221,3.682361439453638
1222,1222,3.684824008405569
1223,1223,3.6872865773574994
1224,1224,2.44779353821907
1225,1225,2.4494352508536905
1226,1226,2.451076963488311
1227,1227,2.4527186761229314
1228,1228,2.454360388757552
1229,1229,2.4560021013921722
1230,1230,2.4576438140267927
1231,1231,2.459285526661413
1232,1232,2.4609272392960335
1233,1233,2.462568951930654
1234,1234,2.4642106645652744
1235,1235,2.465852377199895
1236,1236,2.4674940898345152
1237,1237,2.4691358024691357
1238,1238,2.470777515103756
1239,1239,1.2304636196480168
1240,1240,1.231284475965327
1241,1241,1.2321053322826372
1242,1242,1.2329261885999474
1243,1243,1.2337470449172576
1244,1244,1.2345679012345678
1245,1245,1.235388757551878
1246,1246,1.2362096138691885
1247,1247,1.2370304701864985
1248,1248,1.2378513265038087
1249,1249,1.2386721828211191
1250,1250,1.2394930391384291
1251,1251,1.2403138954557393
1252,1252,1.2411347517730498
