,Batch Id,batch_size
0,0,1
1,1,1
2,2,1
3,3,1
4,4,2
5,5,2
6,6,2
7,7,2
8,8,2
9,9,2
10,10,2
11,11,2
12,12,2
13,13,2
14,14,2
15,15,2
16,16,2
17,17,2
18,18,2
19,19,2
20,20,2
21,21,2
22,22,2
23,23,2
24,24,2
25,25,2
26,26,2
27,27,2
28,28,2
29,29,2
30,30,2
31,31,3
32,32,4
33,33,5
34,34,5
35,35,5
36,36,5
37,37,5
38,38,5
39,39,5
40,40,5
41,41,5
42,42,6
43,43,6
44,44,6
45,45,7
46,46,7
47,47,7
48,48,7
49,49,7
50,50,7
51,51,7
52,52,7
53,53,7
54,54,7
55,55,7
56,56,7
57,57,7
58,58,7
59,59,7
60,60,8
61,61,8
62,62,8
63,63,8
64,64,8
65,65,8
66,66,8
67,67,8
68,68,8
69,69,8
70,70,8
71,71,8
72,72,8
73,73,8
74,74,8
75,75,8
76,76,8
77,77,9
78,78,10
79,79,10
80,80,10
81,81,10
82,82,10
83,83,10
84,84,10
85,85,10
86,86,10
87,87,10
88,88,10
89,89,10
90,90,10
91,91,10
92,92,10
93,93,10
94,94,10
95,95,10
96,96,10
97,97,10
98,98,11
99,99,12
100,100,12
101,101,12
102,102,12
103,103,12
104,104,12
105,105,12
106,106,13
107,107,14
108,108,14
109,109,14
110,110,14
111,111,14
112,112,14
113,113,14
114,114,14
115,115,14
116,116,14
117,117,14
118,118,14
119,119,14
120,120,14
121,121,14
122,122,15
123,123,15
124,124,15
125,125,15
126,126,15
127,127,15
128,128,15
129,129,15
130,130,15
131,131,15
132,132,15
133,133,15
134,134,15
135,135,15
136,136,15
137,137,15
138,138,15
139,139,15
140,140,15
141,141,15
142,142,15
143,143,15
144,144,15
145,145,16
146,146,16
147,147,16
148,148,16
149,149,16
150,150,16
151,151,16
152,152,16
153,153,16
154,154,16
155,155,16
156,156,16
157,157,16
158,158,16
159,159,16
160,160,16
161,161,16
162,162,16
163,163,16
164,164,16
165,165,16
166,166,16
167,167,16
168,168,16
169,169,16
170,170,16
171,171,16
172,172,16
173,173,16
174,174,16
175,175,16
176,176,16
177,177,16
178,178,16
179,179,16
180,180,16
181,181,16
182,182,16
183,183,16
184,184,16
185,185,16
186,186,16
187,187,16
188,188,16
189,189,16
190,190,16
191,191,16
192,192,16
193,193,16
194,194,16
195,195,16
196,196,16
197,197,16
198,198,16
199,199,16
200,200,16
201,201,16
202,202,16
203,203,16
204,204,16
205,205,16
206,206,16
207,207,16
208,208,16
209,209,16
210,210,17
211,211,17
212,212,17
213,213,17
214,214,17
215,215,17
216,216,17
217,217,17
218,218,17
219,219,17
220,220,17
221,221,17
222,222,17
223,223,18
224,224,18
225,225,18
226,226,18
227,227,18
228,228,18
229,229,18
230,230,18
231,231,18
232,232,18
233,233,18
234,234,18
235,235,18
236,236,18
237,237,18
238,238,19
239,239,19
240,240,19
241,241,19
242,242,19
243,243,19
244,244,19
245,245,19
246,246,19
247,247,19
248,248,19
249,249,19
250,250,19
251,251,19
252,252,20
253,253,20
254,254,20
255,255,20
256,256,20
257,257,20
258,258,20
259,259,20
260,260,20
261,261,20
262,262,20
263,263,20
264,264,20
265,265,20
266,266,20
267,267,20
268,268,20
269,269,20
270,270,20
271,271,20
272,272,20
273,273,20
274,274,20
275,275,20
276,276,20
277,277,20
278,278,20
279,279,20
280,280,20
281,281,20
282,282,20
283,283,20
284,284,20
285,285,20
286,286,20
287,287,20
288,288,20
289,289,20
290,290,20
291,291,20
292,292,20
293,293,20
294,294,20
295,295,20
296,296,20
297,297,20
298,298,20
299,299,20
300,300,20
301,301,20
302,302,20
303,303,20
304,304,20
305,305,20
306,306,20
307,307,20
308,308,20
309,309,20
310,310,20
311,311,20
312,312,20
313,313,20
314,314,20
315,315,20
316,316,20
317,317,20
318,318,20
319,319,20
320,320,20
321,321,20
322,322,20
323,323,20
324,324,20
325,325,20
326,326,20
327,327,20
328,328,20
329,329,20
330,330,20
331,331,20
332,332,20
333,333,20
334,334,20
335,335,20
336,336,20
337,337,20
338,338,20
339,339,20
340,340,20
341,341,20
342,342,20
343,343,20
344,344,20
345,345,20
346,346,20
347,347,20
348,348,20
349,349,20
350,350,20
351,351,20
352,352,20
353,353,20
354,354,20
355,355,20
356,356,20
357,357,20
358,358,20
359,359,20
360,360,20
361,361,20
362,362,20
363,363,20
364,364,20
365,365,20
366,366,20
367,367,20
368,368,20
369,369,20
370,370,20
371,371,20
372,372,20
373,373,20
374,374,20
375,375,20
376,376,20
377,377,20
378,378,20
379,379,20
380,380,20
381,381,20
382,382,20
383,383,20
384,384,20
385,385,20
386,386,20
387,387,20
388,388,20
389,389,20
390,390,20
391,391,20
392,392,20
393,393,20
394,394,20
395,395,20
396,396,20
397,397,20
398,398,20
399,399,20
400,400,20
401,401,20
402,402,20
403,403,20
404,404,20
405,405,20
406,406,20
407,407,20
408,408,20
409,409,20
410,410,20
411,411,20
412,412,20
413,413,20
414,414,20
415,415,20
416,416,20
417,417,20
418,418,20
419,419,20
420,420,20
421,421,20
422,422,20
423,423,20
424,424,20
425,425,20
426,426,20
427,427,20
428,428,20
429,429,20
430,430,20
431,431,20
432,432,20
433,433,20
434,434,20
435,435,20
436,436,20
437,437,20
438,438,20
439,439,20
440,440,20
441,441,20
442,442,20
443,443,20
444,444,20
445,445,20
446,446,20
447,447,20
448,448,20
449,449,20
450,450,20
451,451,20
452,452,20
453,453,20
454,454,20
455,455,20
456,456,20
457,457,20
458,458,20
459,459,20
460,460,20
461,461,20
462,462,20
463,463,20
464,464,20
465,465,20
466,466,20
467,467,20
468,468,20
469,469,20
470,470,20
471,471,20
472,472,20
473,473,20
474,474,20
475,475,20
476,476,20
477,477,20
478,478,20
479,479,20
480,480,20
481,481,20
482,482,20
483,483,20
484,484,20
485,485,20
486,486,20
487,487,20
488,488,20
489,489,20
490,490,20
491,491,20
492,492,20
493,493,20
494,494,20
495,495,20
496,496,20
497,497,20
498,498,20
499,499,20
500,500,20
501,501,20
502,502,20
503,503,20
504,504,20
505,505,20
506,506,20
507,507,20
508,508,20
509,509,20
510,510,20
511,511,20
512,512,20
513,513,20
514,514,20
515,515,20
516,516,20
517,517,20
518,518,20
519,519,20
520,520,20
521,521,20
522,522,20
523,523,20
524,524,20
525,525,20
526,526,20
527,527,20
528,528,20
529,529,20
530,530,20
531,531,20
532,532,20
533,533,20
534,534,20
535,535,20
536,536,20
537,537,20
538,538,20
539,539,20
540,540,20
541,541,20
542,542,20
543,543,20
544,544,20
545,545,20
546,546,20
547,547,20
548,548,20
549,549,20
550,550,20
551,551,20
552,552,20
553,553,20
554,554,20
555,555,20
556,556,20
557,557,20
558,558,20
559,559,20
560,560,20
561,561,20
562,562,20
563,563,20
564,564,20
565,565,20
566,566,20
567,567,20
568,568,20
569,569,20
570,570,20
571,571,20
572,572,20
573,573,20
574,574,20
575,575,20
576,576,20
577,577,20
578,578,20
579,579,20
580,580,20
581,581,20
582,582,20
583,583,20
584,584,20
585,585,20
586,586,20
587,587,20
588,588,20
589,589,20
590,590,20
591,591,20
592,592,20
593,593,20
594,594,20
595,595,20
596,596,20
597,597,20
598,598,20
599,599,20
600,600,20
601,601,20
602,602,20
603,603,20
604,604,20
605,605,20
606,606,20
607,607,20
608,608,20
609,609,20
610,610,20
611,611,20
612,612,20
613,613,20
614,614,20
615,615,20
616,616,20
617,617,20
618,618,20
619,619,20
620,620,20
621,621,20
622,622,20
623,623,20
624,624,20
625,625,20
626,626,20
627,627,20
628,628,20
629,629,20
630,630,20
631,631,20
632,632,20
633,633,20
634,634,20
635,635,20
636,636,20
637,637,20
638,638,20
639,639,20
640,640,20
641,641,20
642,642,20
643,643,20
644,644,20
645,645,20
646,646,20
647,647,20
648,648,20
649,649,20
650,650,20
651,651,20
652,652,20
653,653,20
654,654,20
655,655,20
656,656,20
657,657,20
658,658,20
659,659,20
660,660,20
661,661,20
662,662,20
663,663,20
664,664,20
665,665,20
666,666,20
667,667,20
668,668,20
669,669,20
670,670,20
671,671,20
672,672,20
673,673,20
674,674,20
675,675,20
676,676,20
677,677,20
678,678,20
679,679,20
680,680,20
681,681,20
682,682,20
683,683,20
684,684,20
685,685,20
686,686,20
687,687,20
688,688,20
689,689,20
690,690,20
691,691,20
692,692,20
693,693,20
694,694,20
695,695,20
696,696,20
697,697,20
698,698,20
699,699,20
700,700,20
701,701,20
702,702,20
703,703,20
704,704,20
705,705,20
706,706,20
707,707,20
708,708,20
709,709,20
710,710,20
711,711,20
712,712,20
713,713,20
714,714,20
715,715,20
716,716,20
717,717,20
718,718,20
719,719,20
720,720,20
721,721,20
722,722,20
723,723,20
724,724,20
725,725,20
726,726,20
727,727,20
728,728,20
729,729,20
730,730,20
731,731,20
732,732,20
733,733,20
734,734,20
735,735,20
736,736,20
737,737,20
738,738,20
739,739,20
740,740,20
741,741,20
742,742,20
743,743,20
744,744,20
745,745,20
746,746,20
747,747,20
748,748,20
749,749,20
750,750,20
751,751,20
752,752,20
753,753,20
754,754,20
755,755,20
756,756,20
757,757,20
758,758,20
759,759,20
760,760,20
761,761,20
762,762,20
763,763,20
764,764,20
765,765,20
766,766,20
767,767,20
768,768,20
769,769,20
770,770,20
771,771,20
772,772,20
773,773,20
774,774,20
775,775,20
776,776,20
777,777,20
778,778,20
779,779,20
780,780,20
781,781,20
782,782,20
783,783,20
784,784,20
785,785,20
786,786,20
787,787,20
788,788,20
789,789,20
790,790,20
791,791,20
792,792,20
793,793,20
794,794,20
795,795,20
796,796,20
797,797,20
798,798,20
799,799,20
800,800,20
801,801,20
802,802,20
803,803,20
804,804,20
805,805,20
806,806,20
807,807,20
808,808,20
809,809,20
810,810,20
811,811,20
812,812,20
813,813,20
814,814,20
815,815,20
816,816,20
817,817,20
818,818,20
819,819,20
820,820,20
821,821,20
822,822,20
823,823,20
824,824,20
825,825,20
826,826,20
827,827,20
828,828,20
829,829,20
830,830,20
831,831,20
832,832,20
833,833,20
834,834,20
835,835,20
836,836,20
837,837,20
838,838,20
839,839,20
840,840,20
841,841,20
842,842,20
843,843,20
844,844,20
845,845,20
846,846,20
847,847,20
848,848,20
849,849,20
850,850,20
851,851,20
852,852,20
853,853,20
854,854,20
855,855,20
856,856,20
857,857,20
858,858,20
859,859,20
860,860,20
861,861,20
862,862,20
863,863,20
864,864,20
865,865,20
866,866,20
867,867,20
868,868,20
869,869,20
870,870,20
871,871,20
872,872,20
873,873,20
874,874,20
875,875,20
876,876,20
877,877,20
878,878,20
879,879,20
880,880,20
881,881,20
882,882,20
883,883,20
884,884,20
885,885,20
886,886,20
887,887,20
888,888,20
889,889,20
890,890,20
891,891,20
892,892,20
893,893,20
894,894,20
895,895,20
896,896,20
897,897,20
898,898,20
899,899,20
900,900,20
901,901,20
902,902,20
903,903,20
904,904,20
905,905,20
906,906,20
907,907,20
908,908,20
909,909,20
910,910,20
911,911,20
912,912,20
913,913,20
914,914,20
915,915,20
916,916,20
917,917,20
918,918,20
919,919,20
920,920,20
921,921,20
922,922,20
923,923,20
924,924,20
925,925,20
926,926,20
927,927,20
928,928,20
929,929,20
930,930,20
931,931,20
932,932,20
933,933,20
934,934,20
935,935,20
936,936,20
937,937,20
938,938,20
939,939,20
940,940,20
941,941,20
942,942,20
943,943,20
944,944,20
945,945,20
946,946,20
947,947,20
948,948,20
949,949,20
950,950,20
951,951,20
952,952,20
953,953,20
954,954,20
955,955,20
956,956,20
957,957,20
958,958,20
959,959,20
960,960,20
961,961,20
962,962,20
963,963,20
964,964,20
965,965,20
966,966,20
967,967,20
968,968,20
969,969,20
970,970,20
971,971,20
972,972,20
973,973,20
974,974,20
975,975,20
976,976,20
977,977,20
978,978,20
979,979,20
980,980,20
981,981,20
982,982,20
983,983,20
984,984,20
985,985,20
986,986,20
987,987,20
988,988,20
989,989,20
990,990,20
991,991,20
992,992,20
993,993,20
994,994,20
995,995,20
996,996,20
997,997,20
998,998,20
999,999,20
1000,1000,19
1001,1001,19
1002,1002,19
1003,1003,19
1004,1004,19
1005,1005,18
1006,1006,18
1007,1007,18
1008,1008,18
1009,1009,18
1010,1010,18
1011,1011,18
1012,1012,18
1013,1013,18
1014,1014,18
1015,1015,18
1016,1016,18
1017,1017,18
1018,1018,18
1019,1019,18
1020,1020,18
1021,1021,18
1022,1022,18
1023,1023,18
1024,1024,18
1025,1025,18
1026,1026,18
1027,1027,18
1028,1028,18
1029,1029,18
1030,1030,18
1031,1031,18
1032,1032,17
1033,1033,16
1034,1034,15
1035,1035,15
1036,1036,15
1037,1037,15
1038,1038,15
1039,1039,15
1040,1040,15
1041,1041,15
1042,1042,15
1043,1043,14
1044,1044,14
1045,1045,14
1046,1046,13
1047,1047,13
1048,1048,13
1049,1049,13
1050,1050,13
1051,1051,13
1052,1052,13
1053,1053,13
1054,1054,13
1055,1055,13
1056,1056,13
1057,1057,13
1058,1058,13
1059,1059,13
1060,1060,13
1061,1061,12
1062,1062,12
1063,1063,12
1064,1064,12
1065,1065,12
1066,1066,12
1067,1067,12
1068,1068,12
1069,1069,12
1070,1070,12
1071,1071,12
1072,1072,12
1073,1073,12
1074,1074,12
1075,1075,12
1076,1076,12
1077,1077,12
1078,1078,11
1079,1079,10
1080,1080,10
1081,1081,10
1082,1082,10
1083,1083,10
1084,1084,10
1085,1085,10
1086,1086,10
1087,1087,10
1088,1088,10
1089,1089,10
1090,1090,10
1091,1091,10
1092,1092,10
1093,1093,10
1094,1094,10
1095,1095,10
1096,1096,10
1097,1097,10
1098,1098,10
1099,1099,9
1100,1100,8
1101,1101,8
1102,1102,8
1103,1103,8
1104,1104,8
1105,1105,8
1106,1106,8
1107,1107,7
1108,1108,6
1109,1109,6
1110,1110,6
1111,1111,6
1112,1112,6
1113,1113,6
1114,1114,6
1115,1115,6
1116,1116,6
1117,1117,6
1118,1118,6
1119,1119,6
1120,1120,6
1121,1121,6
1122,1122,6
1123,1123,5
1124,1124,5
1125,1125,5
1126,1126,5
1127,1127,5
1128,1128,5
1129,1129,5
1130,1130,5
1131,1131,5
1132,1132,5
1133,1133,5
1134,1134,5
1135,1135,5
1136,1136,5
1137,1137,5
1138,1138,5
1139,1139,5
1140,1140,5
1141,1141,5
1142,1142,5
1143,1143,5
1144,1144,5
1145,1145,5
1146,1146,4
1147,1147,4
1148,1148,4
1149,1149,4
1150,1150,4
1151,1151,4
1152,1152,4
1153,1153,4
1154,1154,4
1155,1155,4
1156,1156,4
1157,1157,4
1158,1158,4
1159,1159,4
1160,1160,4
1161,1161,4
1162,1162,4
1163,1163,4
1164,1164,4
1165,1165,4
1166,1166,4
1167,1167,4
1168,1168,4
1169,1169,4
1170,1170,4
1171,1171,4
1172,1172,4
1173,1173,4
1174,1174,4
1175,1175,4
1176,1176,4
1177,1177,4
1178,1178,4
1179,1179,4
1180,1180,4
1181,1181,4
1182,1182,4
1183,1183,4
1184,1184,4
1185,1185,4
1186,1186,4
1187,1187,4
1188,1188,4
1189,1189,4
1190,1190,4
1191,1191,4
1192,1192,4
1193,1193,4
1194,1194,4
1195,1195,4
1196,1196,4
1197,1197,4
1198,1198,4
1199,1199,4
1200,1200,4
1201,1201,4
1202,1202,4
1203,1203,4
1204,1204,4
1205,1205,4
1206,1206,4
1207,1207,4
1208,1208,4
1209,1209,4
1210,1210,4
1211,1211,3
1212,1212,3
1213,1213,3
1214,1214,3
1215,1215,3
1216,1216,3
1217,1217,3
1218,1218,3
1219,1219,3
1220,1220,3
1221,1221,3
1222,1222,3
1223,1223,3
1224,1224,2
1225,1225,2
1226,1226,2
1227,1227,2
1228,1228,2
1229,1229,2
1230,1230,2
1231,1231,2
1232,1232,2
1233,1233,2
1234,1234,2
1235,1235,2
1236,1236,2
1237,1237,2
1238,1238,2
1239,1239,1
1240,1240,1
1241,1241,1
1242,1242,1
1243,1243,1
1244,1244,1
1245,1245,1
1246,1246,1
1247,1247,1
1248,1248,1
1249,1249,1
1250,1250,1
1251,1251,1
1252,1252,1
