num_prefill_tokens,num_decode_tokens
2,2
5,191
22,18
121,218
1,1
14,327
13,291
1,1
49,355
67,295
1,1
14,225
171,89
158,124
22,409
17,139
7,129
162,61
40,168
15,95
20,311
8,20
24,425
4,111
64,3
33,374
22,237
25,4
14,410
45,294
74,2
21,146
36,19
10,272
61,72
3,89
32,17
1,7
14,210
5,60
13,53
4,141
13,494
35,65
12,378
103,56
14,458
97,34
66,94
145,267
140,160
22,81
12,86
194,62
17,85
12,350
38,23
107,341
16,81
149,32
32,259
94,104
151,260
18,277
26,70
14,267
14,157
67,31
12,148
125,96
20,221
3,4
13,173
2,201
24,426
46,347
68,164
18,196
9,59
16,471
3,10
11,135
4,164
113,94
54,115
17,42
82,276
12,202
12,248
62,254
69,343
9,235
121,30
27,102
45,257
54,151
6,109
6,215
67,272
14,107
62,222
43,221
21,82
23,12
37,22
8,64
3,174
77,424
176,171
20,421
1,33
1,153
82,1
173,59
31,391
6,38
180,19
8,86
16,39
17,474
52,112
18,218
8,71
31,279
63,136
28,230
8,112
1,82
68,381
12,230
20,301
10,52
5,56
8,162
153,138
166,30
4,1
2,31
33,261
17,281
116,85
3,224
18,159
192,24
19,12
7,31
153,313
4,5
15,4
12,161
21,27
78,37
10,215
46,50
30,392
14,464
5,74
33,292
13,257
47,243
2,355
19,129
22,125
40,425
14,99
52,1
106,100
26,221
7,186
126,149
26,28
41,38
22,18
67,179
168,313
4,244
161,24
47,484
81,150
7,188
10,67
138,9
21,13
24,28
104,122
31,265
36,29
22,315
28,203
138,151
43,37
67,32
57,491
20,17
7,146
62,348
25,53
30,39
14,337
10,462
18,213
23,325
95,97
8,41
7,14
7,51
26,169
7,68
18,483
10,218
19,187
21,32
9,130
12,72
38,430
5,297
8,44
37,61
70,238
41,259
2,14
28,305
1,1
1,35
142,78
19,118
10,175
7,90
15,276
27,317
4,117
163,1
64,151
70,57
22,17
52,407
1,39
96,100
54,35
89,1
15,107
25,302
103,73
1,18
21,79
13,182
63,189
113,188
8,343
19,62
3,40
11,323
4,4
6,47
13,434
2,2
13,155
90,196
9,9
11,121
4,61
9,110
6,29
148,244
7,181
46,392
12,224
34,394
9,246
1,1
13,10
58,343
14,49
54,8
18,219
23,43
15,12
63,85
1,24
2,57
65,1
5,247
38,365
6,137
11,92
26,21
5,7
44,165
9,36
35,382
4,59
57,294
64,42
65,86
18,9
64,197
40,163
15,272
6,82
8,104
23,255
6,5
49,49
110,147
76,88
1,6
172,382
52,1
7,24
11,98
138,100
63,105
23,188
7,6
2,198
97,204
100,165
6,85
24,250
56,147
17,42
16,269
2,9
4,214
84,251
61,19
20,82
10,166
6,36
6,127
3,52
11,184
47,39
67,377
38,98
20,128
11,21
154,8
18,137
15,252
14,302
7,135
80,187
11,244
162,291
6,258
143,155
21,67
31,91
80,38
149,17
40,126
12,156
1,175
83,356
57,5
22,428
191,127
24,233
15,113
4,14
62,282
31,205
52,59
27,23
199,155
21,198
1,7
176,44
80,3
5,35
53,131
25,131
57,3
2,3
18,307
31,366
22,15
32,44
67,168
65,191
15,412
2,7
9,180
19,54
17,152
57,3
32,283
116,133
43,418
17,289
134,0
20,159
1,7
15,273
13,425
12,183
23,151
4,43
12,152
9,24
10,186
18,94
18,15
14,423
1,1
32,11
4,188
32,157
22,310
63,274
171,116
1,1
12,332
13,306
16,158
1,6
106,146
2,7
3,16
191,21
9,87
32,243
18,257
35,168
68,190
11,40
68,102
46,84
80,118
23,18
4,51
5,182
35,278
99,79
18,48
37,167
18,28
94,363
8,6
26,428
4,11
52,1
13,411
29,3
24,358
4,48
9,256
10,220
4,263
6,252
1,6
47,304
67,59
12,95
5,100
6,110
64,133
5,195
1,142
22,11
67,171
13,29
141,485
112,61
41,17
17,448
21,214
43,44
27,134
47,241
8,241
5,28
21,33
36,132
194,7
6,70
1,7
14,110
4,2
11,25
37,331
19,62
8,179
62,384
95,19
174,180
12,193
6,139
5,5
42,472
14,14
50,65
4,193
13,76
21,57
28,13
66,311
43,1
2,7
12,220
23,267
22,79
18,189
4,26
66,137
96,123
1,83
7,178
61,156
90,124
4,127
14,455
144,8
42,389
26,266
37,20
95,121
40,189
5,163
4,50
40,440
9,278
2,18
23,237
16,135
49,8
36,9
15,281
13,24
54,140
1,1
5,230
18,13
7,172
57,297
16,71
15,134
16,258
154,142
13,307
26,265
53,165
2,13
1,1
131,12
27,234
28,366
30,122
73,68
9,120
22,14
123,115
104,278
12,410
7,187
140,52
14,1
27,22
5,54
79,271
30,273
19,273
4,8
26,334
10,238
1,71
34,87
22,106
17,14
24,12
13,178
6,215
3,3
2,34
21,187
49,49
21,17
25,275
2,85
8,92
130,53
20,28
38,184
53,46
20,145
91,368
105,184
183,9
4,193
13,83
66,241
29,40
29,172
49,160
8,221
12,284
29,80
7,73
17,344
40,284
14,377
31,45
10,154
15,181
22,40
1,1
31,158
8,94
13,7
10,280
12,185
25,13
137,385
7,182
66,87
14,392
21,244
13,285
1,7
35,193
52,1
27,318
19,315
82,1
27,206
64,269
65,257
136,52
1,6
92,50
18,106
16,288
13,144
39,19
188,228
28,89
12,19
63,405
138,8
2,208
17,179
9,1
54,57
6,363
14,285
10,353
48,232
16,256
21,51
23,278
37,299
65,9
81,455
13,178
23,86
1,7
20,26
8,101
63,225
137,93
2,66
9,228
10,246
7,321
43,378
19,225
21,144
25,44
52,1
50,12
3,160
2,30
4,7
94,188
21,397
23,4
44,12
62,214
55,142
9,20
1,21
46,3
39,26
22,42
27,239
1,7
1,1
9,62
82,173
7,175
30,25
81,0
94,462
17,116
9,224
5,59
13,33
10,178
4,27
12,17
51,7
104,141
157,257
109,54
10,17
39,264
12,82
8,80
57,215
10,207
34,99
9,29
62,321
54,457
43,7
20,267
17,174
29,390
55,124
9,78
17,220
65,215
13,191
5,34
11,263
128,143
30,281
53,73
3,8
15,26
45,107
4,222
21,55
11,67
75,1
14,124
5,135
25,92
3,3
136,50
10,393
7,463
1,1
122,152
57,382
130,150
29,156
13,53
143,114
14,29
16,67
17,249
26,124
1,1
26,245
5,62
97,147
12,42
1,17
1,96
19,258
21,87
1,125
37,20
6,68
13,325
24,25
8,48
11,113
6,54
107,28
8,112
10,309
169,284
35,345
46,22
42,6
7,44
8,12
37,26
12,186
67,164
64,199
47,98
15,37
8,60
17,9
130,86
96,81
78,16
8,67
7,240
62,144
72,103
19,181
26,63
27,415
40,336
14,184
118,23
39,13
5,263
5,97
48,41
22,205
143,133
81,1
10,94
51,49
127,162
13,282
3,17
8,128
11,203
2,44
6,26
15,20
115,142
64,8
10,217
95,297
9,56
104,247
1,16
18,230
5,80
28,293
6,7
112,24
62,444
1,7
1,1
118,35
10,325
13,17
10,8
64,200
21,223
10,214
29,179
4,180
7,204
65,222
18,55
46,182
18,232
43,91
64,241
18,295
16,283
5,2
23,73
27,29
1,1
17,29
55,483
3,122
37,42
81,1
91,25
1,7
24,196
44,415
21,219
20,23
1,18
14,169
30,148
79,112
62,292
52,1
18,150
109,7
87,381
17,2
16,23
1,25
18,319
52,53
12,148
64,475
80,364
5,131
30,108
6,6
9,27
30,254
135,39
19,420
1,1
15,69
20,185
12,45
14,117
25,12
5,49
36,288
8,153
26,129
17,9
26,237
13,193
6,68
2,3
14,117
20,269
5,347
1,34
10,109
15,163
21,30
137,84
9,59
9,53
160,144
9,51
25,258
18,299
5,126
82,57
51,48
11,205
1,8
10,189
1,356
27,32
6,207
87,3
7,242
64,271
26,5
14,131
15,493
4,23
11,88
1,31
15,32
12,214
8,18
67,113
17,72
174,124
1,22
84,315
139,425
15,99
20,6
33,83
80,14
66,34
123,145
53,1
16,71
22,16
6,203
1,90
32,233
4,38
39,254
17,40
181,378
13,434
16,48
6,19
9,233
74,242
3,182
68,109
14,190
180,25
3,69
26,248
1,1
16,142
187,259
35,171
1,5
64,276
64,224
62,55
15,270
134,0
5,254
19,43
26,93
18,4
67,220
14,97
1,7
23,175
30,140
9,469
12,71
28,78
29,95
3,18
18,170
39,277
13,196
40,125
4,8
48,350
69,55
13,164
38,481
76,242
72,317
11,162
18,284
77,1
169,9
22,120
20,73
26,127
52,51
1,6
16,79
19,18
4,23
7,399
13,203
20,31
5,38
14,24
10,216
5,154
1,14
2,2
10,496
16,256
15,273
14,434
100,87
11,60
13,35
7,87
12,44
34,62
64,47
19,85
27,158
14,20
1,19
23,53
17,420
44,427
52,1
72,335
34,4
18,166
50,4
49,73
3,49
66,331
37,265
3,40
40,280
1,7
73,139
12,14
63,22
26,262
12,364
6,3
45,275
154,56
7,221
86,118
43,6
29,342
151,70
10,239
17,48
1,1
10,197
19,223
13,122
165,68
19,42
66,213
28,12
6,80
36,162
30,151
181,324
24,19
101,49
63,166
13,468
4,143
27,52
95,28
5,219
52,1
164,319
81,1
76,170
11,161
26,367
31,236
2,56
11,16
181,8
18,10
21,471
27,32
18,123
3,6
25,75
12,261
47,75
15,468
1,2
34,408
25,261
10,23
42,130
15,282
1,1
179,328
39,115
22,31
24,46
59,327
9,115
173,242
12,187
3,8
56,46
136,3
119,136
190,8
14,362
10,167
17,76
22,254
15,6
16,331
103,43
42,45
198,87
65,222
30,104
6,72
1,7
68,216
11,198
3,48
12,306
12,242
1,9
9,316
102,189
9,220
1,53
18,306
42,29
1,1
9,342
63,421
16,24
1,27
113,144
67,56
20,86
11,315
33,430
1,8
25,277
182,10
183,122
76,8
8,150
8,46
26,52
35,16
11,33
24,22
2,11
18,330
5,264
56,187
15,383
82,2
3,226
8,91
16,405
22,351
10,202
7,55
23,4
3,62
197,228
50,160
2,168
98,259
20,306
21,19
5,58
4,289
31,82
10,153
3,27
6,29
38,228
8,254
8,154
13,96
11,133
106,21
63,334
1,7
5,4
18,33
18,163
11,36
141,171
112,202
12,441
6,105
67,49
52,486
39,116
113,172
69,178
23,153
12,72
100,6
7,128
25,59
66,35
11,147
4,34
62,87
9,172
35,183
17,89
7,188
63,297
49,171
33,25
29,6
16,12
46,155
16,105
60,257
52,1
1,163
3,156
51,32
107,12
67,203
7,157
38,347
13,287
20,4
154,104
146,22
9,148
13,53
18,355
24,400
34,174
10,12
23,183
47,25
4,115
13,317
13,152
9,19
1,17
24,48
94,6
16,57
13,22
70,204
44,329
16,275
26,69
5,178
22,87
8,193
67,194
104,6
7,224
88,10
143,6
1,1
46,9
15,88
14,247
13,64
4,211
1,1
1,1
21,9
1,7
41,20
171,264
62,317
80,135
22,14
26,178
14,185
8,156
16,162
111,27
21,21
43,93
8,117
35,315
99,6
1,50
18,31
9,38
10,254
16,219
11,135
65,154
67,167
10,114
68,117
64,63
64,376
14,478
159,90
41,325
18,39
25,165
24,422
16,373
52,1
7,29
13,467
11,222
34,269
93,228
21,97
12,36
119,310
24,22
105,136
8,106
52,1
58,209
37,240
65,203
11,13
18,185
29,84
122,76
112,7
9,9
36,86
26,14
23,424
48,7
71,269
158,202
52,1
122,344
191,49
20,366
41,113
29,90
63,145
17,155
3,3
15,215
40,352
8,6
4,1
37,27
1,1
4,173
19,101
8,222
16,414
10,79
24,10
20,132
11,301
30,468
6,161
21,79
23,242
21,171
3,118
13,315
22,278
25,158
87,179
9,97
1,7
16,134
17,373
31,24
59,368
52,1
3,56
11,105
23,7
5,17
24,182
9,389
82,242
23,44
24,21
22,9
3,111
10,380
138,35
23,282
12,196
17,176
7,25
6,85
44,324
76,13
43,16
76,365
28,36
12,62
40,156
9,170
18,247
8,18
18,341
27,29
4,99
39,22
10,305
4,34
1,14
13,145
15,2
9,228
1,19
5,52
7,73
27,13
99,344
24,272
13,462
20,252
1,1
23,13
10,6
27,5
43,342
1,24
6,67
30,114
9,58
14,204
63,12
7,158
17,340
18,34
11,329
51,279
68,229
1,2
30,17
126,174
12,135
15,275
2,117
30,236
186,45
53,114
161,21
33,70
26,91
150,100
65,104
16,139
18,0
24,62
14,193
19,85
9,76
3,112
10,4
28,185
9,15
52,1
8,207
149,251
8,191
47,1
11,86
1,7
22,338
7,108
139,65
15,126
19,10
27,376
6,287
2,25
4,12
22,198
95,84
7,1
3,7
1,12
2,161
18,40
1,7
8,233
55,99
53,218
98,367
48,13
104,76
1,38
6,9
7,62
35,439
63,12
36,48
66,222
52,1
7,246
23,264
11,145
14,83
15,165
24,243
62,171
68,50
13,210
9,164
1,29
9,96
28,483
6,47
13,318
15,136
99,223
1,17
65,131
60,227
68,70
129,76
25,14
12,150
4,136
106,172
7,107
21,157
8,234
30,414
17,3
4,52
53,227
12,11
72,29
32,169
20,451
37,98
15,258
33,33
16,156
3,146
4,69
32,188
106,394
158,71
66,275
16,77
3,4
4,64
13,137
9,240
15,475
10,44
20,78
3,12
24,300
3,89
8,43
58,3
37,32
29,55
18,7
81,260
17,260
21,21
4,162
11,188
11,34
9,8
24,25
14,280
152,199
9,143
1,19
16,21
17,18
22,158
3,43
7,213
87,106
71,186
15,22
133,164
4,10
5,164
100,50
4,166
1,7
18,174
37,195
22,3
9,335
124,14
23,334
24,54
9,181
4,39
19,151
13,85
17,303
26,82
109,114
87,74
126,24
10,210
24,204
22,91
134,126
58,148
14,240
47,40
33,480
5,106
67,137
26,48
8,201
21,327
15,340
22,97
5,369
6,202
18,166
11,111
12,6
4,55
1,1
30,201
4,27
15,30
5,232
12,151
60,76
10,57
50,40
17,12
73,168
65,153
20,302
26,241
9,16
36,41
61,407
1,195
23,68
66,15
30,1
29,218
11,106
14,135
95,236
86,357
35,84
65,131
3,74
66,72
55,220
1,19
4,98
17,468
3,170
7,100
42,177
8,11
8,122
9,156
24,366
67,76
6,74
1,1
14,360
18,435
32,371
67,177
9,90
13,452
1,79
6,87
11,70
39,1
22,86
15,212
6,326
21,361
36,247
45,299
16,47
78,305
52,1
44,353
9,270
14,262
9,214
14,292
69,55
64,168
12,237
35,4
32,414
57,81
12,154
13,239
24,150
6,95
64,197
23,139
15,85
12,103
1,74
177,21
113,222
9,134
1,1
169,124
35,314
105,11
22,142
10,181
112,57
23,32
12,121
11,38
5,37
21,2
28,3
63,85
17,111
12,5
22,381
21,36
10,2
18,202
14,165
19,345
178,81
172,21
8,65
67,84
6,326
61,113
3,20
149,277
1,90
18,124
1,2
46,68
78,60
52,1
43,91
126,116
1,83
18,159
23,263
119,11
26,44
1,1
13,97
15,110
41,446
1,7
13,147
20,86
9,215
1,18
9,199
7,66
18,92
26,215
22,213
20,6
24,69
132,8
148,174
76,6
30,313
128,19
4,102
16,319
62,359
101,225
9,7
13,436
49,162
137,45
14,6
30,170
3,103
6,440
1,7
171,123
10,120
23,39
21,51
13,470
1,7
8,371
5,68
68,221
83,109
65,228
5,77
3,15
51,97
33,152
31,335
185,164
22,40
1,1
162,143
186,8
20,49
14,440
4,49
21,8
29,23
23,34
14,19
20,41
23,18
69,126
34,348
32,340
5,11
22,121
1,1
6,344
12,102
4,87
19,303
14,187
124,373
7,28
26,497
1,1
20,164
73,52
46,414
16,182
5,235
68,260
4,108
12,227
3,42
186,176
4,91
36,153
16,355
9,42
6,21
9,197
32,160
82,2
1,295
27,275
17,39
63,209
20,42
172,356
3,2
2,122
14,319
22,233
62,342
13,261
12,344
5,244
16,130
6,205
13,46
10,1
105,54
139,230
52,1
6,32
5,95
19,70
16,239
21,92
10,36
23,217
12,51
20,356
1,1
14,375
19,259
71,53
27,378
162,12
13,319
16,268
20,17
15,434
3,40
17,185
12,360
19,213
64,399
28,270
37,191
1,34
7,122
6,228
16,13
29,242
6,64
66,155
78,1
150,122
63,1
178,44
18,118
18,270
64,254
10,322
9,59
38,184
29,146
62,449
1,16
6,89
110,371
32,204
1,1
46,21
26,13
52,1
127,14
66,256
23,78
44,58
68,95
34,57
10,166
23,31
3,14
8,1
6,6
156,222
128,27
24,290
133,11
107,142
3,40
34,145
16,24
4,203
8,173
55,188
123,198
51,108
14,406
16,46
1,8
45,291
12,98
24,164
19,4
20,356
5,88
9,177
10,22
7,15
4,6
6,145
19,142
13,380
21,131
10,90
13,66
20,204
1,13
3,53
130,43
9,164
25,10
1,48
33,228
30,95
3,76
19,423
12,125
138,3
13,297
14,316
21,375
88,241
79,252
67,89
1,9
26,64
74,11
10,138
63,229
123,217
2,7
25,140
82,78
21,73
1,1
20,107
20,67
141,263
39,64
5,193
12,36
11,319
11,102
72,34
17,269
8,1
36,336
126,14
16,360
41,236
10,52
8,246
24,233
60,1
52,452
67,464
45,143
46,258
55,188
28,222
49,61
11,9
5,79
8,80
12,216
10,279
50,250
52,1
7,59
5,78
25,215
73,43
130,180
52,1
20,88
2,2
60,1
49,117
17,152
16,204
70,132
34,476
38,33
63,304
142,141
32,228
11,83
32,116
30,304
18,212
15,117
10,284
127,230
18,85
12,266
88,24
13,271
38,337
52,1
13,222
16,148
28,216
9,103
132,355
98,389
4,30
9,100
1,13
14,261
14,110
35,178
16,11
143,25
15,45
12,25
4,19
149,303
16,303
20,117
58,297
17,12
58,31
21,485
20,98
101,20
3,98
144,42
36,145
14,156
20,16
21,19
30,346
90,6
197,25
19,131
18,75
87,496
23,44
28,32
13,100
12,12
4,266
133,25
7,12
4,113
3,41
16,176
29,1
80,392
92,24
66,201
9,90
18,325
190,200
8,158
66,97
16,246
59,12
63,269
62,1
15,150
15,181
24,26
100,149
18,79
74,487
5,6
23,12
1,59
21,87
20,253
37,126
17,241
42,238
2,8
1,7
20,348
3,5
102,12
10,77
22,482
22,169
6,1
9,106
7,9
13,377
52,478
5,5
5,25
46,442
70,164
1,7
52,1
8,183
1,16
48,190
19,60
5,208
44,396
32,194
15,231
78,67
19,90
4,145
12,205
8,259
13,445
34,7
11,29
6,258
1,3
12,348
62,227
15,9
75,159
186,479
71,252
57,449
1,7
162,1
11,13
20,290
57,178
14,496
61,267
16,180
52,1
7,210
10,151
37,20
15,117
30,301
62,145
78,181
37,23
7,72
97,118
1,30
31,408
78,62
2,11
114,48
19,399
23,271
22,115
77,172
17,212
15,195
20,29
178,362
54,128
62,105
9,207
36,419
29,448
24,248
9,15
20,9
120,279
2,1
195,18
143,1
12,147
24,21
19,48
14,202
25,442
19,218
63,225
3,134
10,34
21,147
67,231
27,86
57,6
1,106
8,72
24,99
12,53
26,1
1,18
5,76
11,274
160,431
122,261
3,65
166,24
1,34
31,441
24,221
31,89
27,233
11,191
82,315
12,19
117,454
8,203
63,162
13,93
31,380
21,209
3,53
9,21
18,344
199,41
7,270
103,260
3,21
7,15
7,47
109,6
9,105
32,184
20,296
7,40
6,83
8,189
9,64
21,30
26,8
8,284
16,12
31,71
38,33
19,226
4,116
24,262
40,176
22,25
8,102
142,125
22,52
8,308
31,166
6,322
22,323
1,2
9,5
16,253
21,173
161,170
158,361
4,11
9,230
54,79
67,287
13,359
5,315
41,481
12,175
63,169
7,55
3,72
10,34
3,43
79,177
5,56
33,313
38,172
6,19
7,10
7,7
5,129
13,91
1,167
68,165
45,174
20,285
11,90
41,1
23,223
14,387
7,128
33,24
28,168
10,273
4,50
74,20
34,98
7,54
54,165
21,119
98,89
68,124
4,293
18,57
86,410
21,333
5,12
9,320
6,83
29,19
16,165
12,417
1,6
11,34
20,84
40,217
21,67
112,14
8,38
18,40
13,255
116,144
124,32
12,408
12,74
1,7
5,11
20,228
1,34
21,7
11,222
27,43
6,118
39,301
51,15
22,15
22,144
9,326
10,123
20,87
13,41
9,228
1,6
32,2
26,162
174,143
15,233
5,348
7,358
11,103
23,333
23,61
7,185
37,140
4,20
65,77
86,147
9,196
17,234
10,33
24,226
5,247
174,452
17,33
16,96
12,249
5,209
48,143
17,201
16,96
46,12
64,138
16,31
19,17
131,32
49,49
1,5
1,7
22,44
8,3
1,1
33,238
39,168
16,86
51,142
4,46
5,56
2,31
11,38
94,105
6,126
21,237
20,90
41,171
99,124
13,366
20,37
26,257
178,42
13,270
7,96
12,242
2,2
82,13
195,216
18,121
171,62
10,328
8,209
27,239
66,309
8,283
9,107
24,466
4,72
143,124
125,86
1,1
27,215
192,225
4,1
12,448
9,178
13,52
24,22
3,42
86,300
17,443
26,60
17,72
40,45
162,29
31,91
1,1
15,327
13,197
68,337
36,14
44,354
13,121
26,166
9,31
178,17
23,14
11,220
43,22
18,303
8,24
4,1
10,156
49,1
15,1
21,17
148,92
20,163
33,263
144,72
109,113
10,54
23,63
19,6
85,29
158,278
13,68
30,59
16,170
27,294
32,239
14,293
36,43
18,54
7,339
28,63
67,230
9,202
4,5
67,207
24,140
16,231
22,433
26,95
7,183
6,366
1,1
64,274
6,235
13,66
53,134
23,56
57,28
8,58
13,487
39,103
9,45
113,265
14,381
7,23
1,30
64,384
63,67
55,100
14,404
71,25
16,263
15,89
66,237
10,257
30,324
8,31
34,44
32,182
17,14
134,92
36,1
1,30
147,62
14,107
14,328
18,75
125,144
14,193
134,149
99,407
52,1
6,23
158,9
17,263
18,175
5,14
18,345
33,318
11,377
18,204
1,55
1,2
6,188
8,106
7,162
176,214
3,108
5,161
23,20
9,9
14,301
1,1
6,145
20,55
5,22
9,39
1,19
53,125
2,57
43,71
4,1
13,50
1,19
5,102
30,81
34,493
29,344
69,205
56,18
11,156
25,222
42,47
32,185
15,25
21,18
14,155
1,1
57,320
1,28
6,118
4,36
65,213
1,2
26,215
1,7
13,178
10,162
52,307
75,2
19,223
1,25
4,350
4,70
66,220
33,46
14,38
4,47
1,51
33,230
4,116
165,53
13,469
19,102
38,107
46,86
8,27
61,84
28,268
66,136
18,190
111,84
67,192
41,171
26,7
3,13
22,283
82,51
138,64
29,364
10,81
71,124
7,269
11,341
8,232
15,186
12,88
34,18
9,202
85,87
10,66
85,3
20,229
21,27
26,153
17,273
18,9
26,1
14,288
26,101
67,212
48,412
5,171
26,32
74,307
13,60
12,11
11,120
11,24
5,178
14,91
62,90
29,1
25,225
30,215
39,42
15,7
136,89
1,1
12,110
19,110
54,52
163,13
17,100
21,12
14,51
67,44
6,19
7,173
8,167
52,154
7,261
60,237
45,25
27,137
36,333
50,197
21,54
13,207
43,320
33,110
16,257
7,200
112,12
2,209
8,483
1,18
155,20
1,1
4,44
3,96
71,214
34,22
42,86
13,67
11,16
5,315
12,166
46,487
17,284
31,299
23,34
1,1
66,141
75,102
52,1
3,37
3,249
55,2
15,360
4,84
61,75
31,322
52,1
15,344
24,402
29,415
5,71
33,193
7,77
82,43
1,86
10,115
36,316
10,189
1,7
102,131
162,217
20,495
8,379
1,2
3,358
3,33
1,18
22,259
64,286
35,2
13,177
67,81
16,435
4,132
28,148
11,78
14,342
10,20
9,211
1,2
184,59
8,217
9,238
2,24
18,422
88,21
54,495
52,1
25,216
33,278
24,9
27,322
9,193
143,79
24,257
7,106
11,92
20,456
5,23
15,61
9,273
7,71
38,192
9,120
50,374
13,294
43,232
70,266
9,116
138,104
6,96
2,1
26,37
1,23
24,212
13,34
29,34
11,16
14,96
16,173
29,397
15,388
77,81
1,15
63,227
34,93
6,25
1,11
4,7
1,7
14,95
37,204
109,83
2,21
3,5
10,251
24,68
12,254
23,201
80,12
4,11
6,53
99,82
20,86
38,398
42,42
14,382
30,435
20,145
6,247
16,291
8,78
65,223
17,207
17,39
13,9
17,251
3,154
1,40
31,438
3,89
199,35
16,29
121,7
5,7
17,33
31,49
5,151
16,16
1,33
18,176
15,103
74,167
6,32
19,219
3,291
27,22
29,88
6,192
167,1
4,171
174,97
5,80
4,9
28,334
63,19
1,7
2,131
22,39
6,235
30,19
48,3
16,342
18,49
14,38
6,51
10,83
15,309
18,122
14,372
58,187
84,10
47,146
3,181
7,33
8,233
21,364
19,395
15,238
8,46
13,482
1,7
4,5
11,218
28,1
20,61
5,163
49,164
40,16
52,1
5,17
17,285
6,5
7,223
9,211
13,457
64,271
27,67
1,1
4,17
10,21
19,275
3,215
70,234
7,88
68,240
12,49
28,450
3,36
17,11
31,66
1,5
1,29
23,42
36,35
16,102
5,49
1,5
16,36
24,22
173,247
13,436
19,248
7,178
1,7
13,206
16,303
14,187
11,176
50,59
2,224
10,90
25,185
62,242
14,101
23,262
9,116
20,181
89,12
16,322
9,80
14,202
48,157
11,98
93,431
1,7
4,7
3,196
9,315
38,253
15,342
22,55
84,165
19,22
22,5
17,31
10,287
23,52
9,73
31,250
52,1
44,412
4,65
5,250
21,318
18,273
16,221
20,437
3,57
15,408
19,143
1,1
6,185
12,131
5,133
10,161
42,1
14,64
121,169
5,8
14,19
14,294
45,127
1,1
167,58
104,152
9,81
17,271
133,66
5,173
21,119
66,86
154,261
11,49
21,178
2,10
56,40
185,222
4,58
8,29
92,1
29,163
17,275
18,124
11,51
22,143
54,90
89,341
1,106
15,70
1,7
10,24
5,209
4,134
20,71
11,71
134,35
27,138
23,237
3,8
41,125
27,132
27,44
23,11
12,171
31,170
28,202
90,189
28,90
61,89
41,58
5,58
7,123
1,80
1,1
14,10
4,1
25,36
29,184
74,296
56,229
52,1
31,469
196,272
31,174
33,283
30,432
14,77
33,297
14,358
77,351
40,1
51,384
102,12
17,15
11,412
63,237
18,210
14,495
47,282
14,436
147,62
4,239
5,228
14,103
20,143
11,135
34,187
14,370
142,11
31,139
12,182
51,103
18,11
15,158
1,2
1,7
16,69
27,337
63,268
86,390
13,176
14,40
16,77
57,95
1,7
92,339
20,185
14,269
18,182
60,258
19,51
15,306
4,242
72,58
7,248
14,489
18,242
31,11
14,162
33,27
16,73
123,21
34,293
30,101
19,314
5,216
8,277
7,306
30,348
5,53
1,1
1,3
4,42
24,289
164,78
18,117
23,301
14,495
52,1
12,295
19,18
17,132
4,164
30,113
13,322
52,1
42,369
71,223
21,120
26,213
21,386
9,61
16,107
40,47
25,216
160,245
15,142
9,140
5,254
132,142
6,44
9,235
196,114
22,42
14,101
14,138
26,346
7,170
52,1
62,264
21,324
15,52
63,9
133,347
2,1
10,121
29,440
52,1
95,303
162,353
11,43
24,7
39,279
3,197
16,135
4,25
56,329
12,162
31,307
16,73
6,6
11,135
1,1
198,344
17,80
8,58
19,300
186,13
49,293
19,38
6,162
1,7
3,15
4,22
5,65
15,91
31,257
17,25
10,207
47,60
101,113
16,22
58,398
3,33
1,25
92,134
29,1
1,6
9,63
192,136
136,241
13,325
5,174
63,65
10,64
28,81
26,209
3,1
63,142
20,178
170,230
50,197
8,82
44,129
45,202
5,65
7,195
7,134
40,106
28,261
1,46
34,211
19,217
7,50
13,406
1,5
4,59
28,177
22,33
172,152
3,90
14,446
117,20
16,140
23,21
15,485
106,367
16,412
9,361
9,48
9,154
12,100
20,103
7,105
5,29
80,44
1,1
22,289
20,257
46,296
59,115
4,10
13,268
5,1
167,350
9,34
145,44
25,92
3,3
178,139
20,16
4,100
5,5
5,278
46,200
54,96
71,403
9,228
8,195
1,2
15,228
111,93
42,93
3,119
48,153
23,33
33,146
125,361
1,5
20,265
181,60
109,30
1,4
42,43
1,25
15,346
4,189
60,173
27,233
49,153
112,95
25,214
39,336
69,195
21,49
40,329
7,194
38,50
157,386
9,256
16,247
6,229
46,102
17,374
17,37
4,65
62,106
92,173
62,111
174,55
6,85
4,174
10,159
10,133
95,74
98,109
20,64
3,9
8,210
15,490
10,78
10,327
1,1
8,69
89,8
7,40
9,162
16,129
104,116
14,166
13,101
25,180
22,127
67,260
137,169
1,31
25,248
8,69
28,326
3,16
192,8
46,304
11,146
19,74
8,250
46,60
10,112
16,309
14,44
89,146
1,6
1,1
10,188
6,3
13,382
15,278
32,126
50,478
9,160
10,107
3,5
9,164
46,407
192,153
5,12
6,139
60,3
36,379
18,5
106,4
58,92
22,441
14,115
15,67
12,11
13,294
47,55
36,354
11,199
174,376
115,200
19,362
1,9
153,43
7,184
44,6
52,1
40,32
50,402
1,2
25,55
45,329
74,262
19,26
5,241
17,144
15,40
3,44
73,169
36,466
8,166
8,143
5,8
19,8
42,151
26,435
35,292
39,25
14,161
6,218
9,14
9,77
196,217
138,352
15,228
24,29
20,350
25,9
12,157
8,180
53,146
25,23
20,90
18,107
1,5
5,210
1,108
4,228
45,98
12,101
31,66
95,59
6,88
109,366
13,298
26,151
7,389
87,3
15,251
63,129
90,448
4,3
12,341
3,410
96,196
7,339
110,20
116,87
12,110
14,259
174,365
119,126
24,49
157,373
6,134
11,85
14,357
18,187
168,256
7,54
6,161
22,417
96,265
15,404
8,25
84,301
13,6
24,40
3,32
20,254
124,29
13,359
32,155
15,116
9,147
19,108
27,71
13,37
28,189
8,108
9,272
49,358
7,218
74,52
69,3
44,64
120,236
6,186
8,50
27,413
14,75
10,432
15,144
12,99
6,72
12,186
3,51
52,1
15,221
20,22
13,319
5,37
26,26
34,253
20,63
3,30
1,7
18,18
9,109
26,115
11,37
5,214
146,348
51,97
1,108
4,88
72,343
14,164
7,55
171,101
131,158
22,104
17,125
40,454
28,39
19,9
78,132
11,285
10,304
63,344
24,26
6,2
4,10
24,21
12,115
19,52
12,252
8,193
1,1
11,150
64,159
8,158
20,9
3,78
96,35
14,30
3,143
13,495
11,167
145,199
22,203
16,345
48,179
27,24
12,118
64,1
14,65
7,173
18,234
13,290
27,139
71,67
14,208
20,122
5,175
47,53
26,221
5,5
52,1
14,307
48,72
47,197
16,147
14,130
15,229
20,46
53,210
61,338
3,43
20,218
3,174
191,10
67,319
18,53
64,285
1,6
11,49
10,190
26,391
20,436
7,167
97,20
11,122
40,54
20,78
19,134
153,59
4,56
5,262
183,19
133,84
11,172
11,12
8,78
6,92
197,27
86,167
19,259
13,93
8,122
20,39
25,38
9,123
86,457
5,48
118,2
106,11
81,80
15,57
68,79
38,8
1,1
45,8
21,30
14,166
5,46
28,225
3,104
13,78
44,40
7,260
17,64
11,15
5,62
159,9
170,63
1,1
9,292
52,1
13,297
10,141
22,126
148,129
8,58
10,230
5,63
33,23
9,402
28,62
1,17
22,7
18,223
36,449
10,172
6,82
5,14
1,1
18,169
147,17
7,57
84,176
21,16
3,18
21,462
13,86
22,189
26,358
17,240
3,47
130,246
32,169
18,56
13,124
1,8
24,293
9,199
119,111
22,307
6,59
47,49
7,15
84,34
65,84
157,10
22,57
1,4
101,38
22,362
4,11
7,68
16,229
8,8
63,165
45,425
65,312
15,333
39,43
77,432
7,22
36,394
10,102
8,112
154,7
18,318
96,317
9,23
11,465
7,266
35,75
15,119
30,75
26,20
132,5
183,32
123,28
42,3
14,337
9,114
21,38
1,1
22,488
64,262
191,53
7,31
31,161
18,16
15,377
13,140
87,404
174,321
56,145
5,155
1,292
49,17
18,148
6,75
19,3
6,1
19,56
31,23
121,139
64,239
10,180
13,216
25,46
14,437
5,375
9,35
5,162
14,158
67,47
11,217
16,417
15,187
26,105
35,111
22,137
15,232
41,44
69,318
10,67
4,21
25,29
62,1
3,74
20,46
19,124
12,88
8,32
57,359
17,65
5,209
1,7
35,44
23,21
30,61
5,268
24,158
20,250
18,204
99,66
21,96
14,148
11,206
140,22
1,1
4,57
6,74
5,119
16,7
63,142
20,32
15,172
36,239
1,1
69,216
9,303
5,12
31,61
15,179
35,252
27,38
19,22
63,120
6,198
5,31
1,1
23,199
4,44
85,117
7,32
34,185
45,26
101,362
18,173
12,290
22,255
1,25
49,179
59,380
46,54
4,1
14,43
4,213
90,205
24,63
1,19
8,269
17,94
15,19
49,494
12,316
194,201
35,317
150,293
1,53
51,13
3,16
9,104
78,65
184,90
20,159
11,138
21,146
1,7
4,147
31,356
90,495
38,283
1,4
84,58
24,208
24,20
19,54
1,1
162,11
13,354
18,175
66,43
17,10
19,201
17,264
4,128
117,156
80,290
5,19
3,83
7,75
19,212
29,394
18,92
25,240
156,30
20,55
62,241
134,48
13,91
46,252
7,216
4,7
72,1
13,101
22,239
18,245
25,79
79,145
77,44
31,217
26,11
181,16
54,1
14,257
175,417
3,102
8,430
75,12
18,290
30,305
23,170
22,313
104,118
54,365
21,231
46,288
13,106
70,122
13,116
10,197
105,51
22,150
14,411
12,92
60,22
6,24
2,7
3,256
9,83
28,310
114,280
7,222
10,142
4,56
155,127
10,245
95,38
1,2
23,244
1,44
13,302
2,17
31,313
12,73
27,213
109,195
119,36
23,326
8,117
4,31
30,54
12,106
11,46
36,182
1,8
40,42
95,411
130,141
23,204
36,331
123,402
16,374
156,22
16,413
48,10
33,115
136,375
7,116
63,147
12,75
28,5
15,84
127,189
39,57
149,174
1,1
52,1
20,143
12,179
52,1
14,100
16,153
13,164
62,31
65,140
11,468
13,229
65,127
10,88
103,90
2,17
1,71
9,165
5,81
13,39
4,331
19,71
16,10
14,109
6,75
63,210
17,49
15,10
5,475
9,132
17,75
1,8
17,89
122,0
1,1
18,287
4,210
4,181
10,154
14,62
66,172
25,18
15,4
5,79
12,35
15,385
9,0
102,354
4,86
1,1
76,230
148,270
85,109
19,196
17,243
74,165
5,64
52,1
5,44
5,10
13,354
4,93
7,32
3,178
17,284
105,191
142,151
11,8
10,18
19,232
61,136
15,9
115,39
10,171
3,41
21,114
36,497
29,228
23,297
52,1
38,365
7,15
59,1
9,151
16,9
11,230
15,138
17,326
52,1
10,130
1,117
12,12
18,18
52,1
4,7
17,404
35,252
14,350
30,277
16,368
45,90
19,44
14,447
10,56
1,1
10,181
11,202
34,92
62,67
4,92
1,1
13,46
179,129
1,5
6,6
12,292
42,119
147,426
32,102
1,2
58,59
57,345
24,11
14,98
37,181
20,14
6,154
158,223
82,115
4,1
14,79
1,83
67,129
9,142
1,135
9,157
4,5
1,1
90,280
9,83
13,309
39,336
83,3
27,250
46,38
48,9
65,357
105,106
7,48
26,36
27,127
3,210
7,164
1,7
25,253
1,35
52,1
24,283
22,253
25,285
159,128
19,21
1,5
52,1
38,36
18,15
20,243
17,17
1,7
52,1
65,193
16,95
11,204
1,7
6,277
81,43
1,4
1,125
91,182
20,259
199,97
71,204
13,301
79,11
13,0
2,2
14,14
74,168
14,180
35,139
26,201
52,1
20,123
126,306
55,73
1,32
8,17
1,1
43,1
77,408
1,3
14,261
1,7
11,83
7,77
32,59
89,392
49,63
49,7
16,314
32,427
14,443
14,105
43,85
11,390
16,161
25,162
6,21
4,97
60,15
19,139
134,372
37,133
11,161
112,478
21,85
64,185
8,159
115,3
64,463
20,85
18,243
8,66
57,73
11,186
21,441
8,333
15,60
12,304
14,329
24,251
2,2
23,326
13,308
10,14
11,260
64,197
3,64
13,119
11,163
140,2
163,58
55,136
28,390
26,14
14,383
65,182
20,11
9,223
11,156
4,92
1,1
29,432
7,7
41,347
1,6
1,7
1,12
6,124
14,291
5,3
25,256
19,447
18,106
32,98
23,281
14,241
165,169
10,156
69,109
22,70
20,107
21,274
63,252
10,147
12,105
10,11
5,71
8,82
43,220
24,309
14,6
77,17
17,15
1,1
27,25
8,281
14,28
67,165
3,27
24,26
52,30
156,369
16,226
29,161
15,188
5,163
6,179
21,25
15,30
11,278
7,160
1,37
51,265
2,62
57,104
52,1
10,15
68,388
13,265
114,73
186,69
12,288
21,178
4,201
10,66
8,11
8,160
1,150
42,140
99,4
49,1
6,74
21,345
26,187
51,307
14,257
56,136
64,262
11,68
17,164
74,75
14,414
3,36
1,149
32,26
24,317
19,290
61,1
12,214
15,372
9,64
8,118
9,229
3,16
66,94
9,173
8,16
82,201
11,376
63,371
18,70
15,24
5,42
4,9
21,68
3,13
69,221
44,74
141,28
13,229
58,220
26,206
1,31
7,113
3,102
44,407
43,319
71,294
16,157
19,412
19,21
28,391
11,214
26,1
9,41
34,53
36,62
1,1
21,96
13,266
12,347
8,77
1,7
40,136
8,29
189,145
27,11
9,12
11,312
11,412
95,165
14,114
33,131
8,25
17,171
22,163
28,177
4,147
20,23
16,25
8,16
32,68
3,22
3,143
110,348
11,210
158,325
19,203
4,46
176,226
17,232
27,404
117,391
198,238
52,1
11,377
4,35
6,130
30,1
13,146
25,370
71,323
23,58
8,23
108,306
65,61
1,37
24,349
18,11
14,137
29,12
22,25
37,25
4,80
1,13
20,187
3,12
26,80
7,5
52,1
7,74
13,123
8,48
1,7
30,277
34,175
63,69
27,341
40,293
64,232
6,55
76,164
63,156
45,111
103,88
8,130
64,149
52,1
27,257
3,72
10,4
64,218
86,102
4,102
47,274
24,51
5,330
37,20
23,484
10,311
7,22
15,357
19,125
20,144
9,16
49,111
5,70
4,16
65,31
1,5
14,226
13,336
22,287
14,458
6,43
48,268
71,47
12,296
1,20
77,55
29,288
10,21
15,48
5,50
17,204
25,141
21,119
14,497
63,254
9,145
28,241
11,225
11,442
10,109
177,98
6,179
64,359
17,3
15,7
52,1
52,1
43,271
25,80
25,220
60,26
17,97
8,231
53,73
16,459
22,101
64,146
14,32
47,195
52,1
4,202
20,31
9,152
7,240
21,36
68,3
32,119
17,51
16,126
22,148
17,69
1,1
20,68
33,291
14,416
1,31
177,255
23,141
52,1
27,184
18,375
67,183
22,165
11,399
63,164
97,94
197,106
5,142
153,126
27,16
37,28
22,125
10,205
19,240
15,229
4,162
8,294
8,50
7,163
9,261
4,5
11,147
6,238
71,21
8,160
12,264
45,160
10,216
24,1
5,103
4,176
3,130
2,95
22,20
15,51
6,30
2,15
139,194
106,55
7,270
13,311
21,427
37,339
101,11
31,279
18,219
49,11
20,13
12,4
59,68
23,16
16,201
113,35
18,402
6,194
24,42
3,53
41,138
3,147
47,142
11,60
17,312
9,244
3,35
12,129
14,65
12,289
1,2
8,40
24,51
11,11
22,328
131,56
33,464
10,229
9,436
17,288
10,26
26,207
5,73
26,339
69,320
64,367
20,28
25,31
16,201
8,283
6,55
119,5
11,80
28,197
26,15
14,34
136,46
13,374
1,1
4,1
48,37
1,1
11,207
11,158
19,47
52,1
21,263
47,356
9,69
4,92
10,317
1,65
169,222
20,17
138,1
166,9
3,226
85,81
15,472
12,275
14,398
113,293
39,296
43,19
62,274
19,68
8,141
50,60
18,31
84,74
20,447
8,27
22,226
38,74
24,40
4,38
32,31
39,148
18,186
5,196
4,79
10,47
32,110
131,185
64,173
69,437
177,156
54,210
7,80
16,45
62,206
6,198
38,11
36,197
48,56
23,16
1,1
21,344
57,78
54,230
32,291
60,101
65,208
64,5
14,342
13,320
23,218
7,145
189,125
21,386
9,184
4,34
20,35
17,144
24,308
10,107
13,76
9,96
31,121
13,326
126,9
21,268
6,3
145,349
63,1
22,227
4,283
18,112
2,212
17,152
52,1
30,344
24,349
52,323
4,39
24,171
1,7
12,111
2,6
1,29
13,124
10,372
25,350
62,208
15,138
7,59
1,5
114,92
80,148
27,172
5,61
53,36
10,24
6,155
6,152
83,3
55,381
31,52
12,372
20,51
42,240
105,128
8,66
8,170
63,203
1,1
162,248
31,216
9,5
2,8
8,257
15,218
8,1
22,231
35,42
3,66
104,47
7,5
1,23
1,7
1,1
1,370
46,498
29,183
4,13
131,14
195,233
66,223
15,72
55,290
87,134
1,7
181,142
33,95
78,89
26,34
57,11
5,17
84,118
4,12
15,43
11,25
112,196
84,156
28,40
5,6
24,15
16,192
149,123
8,123
18,15
23,139
11,73
1,10
19,267
16,394
29,167
60,93
79,330
70,25
10,126
8,170
1,70
8,101
40,228
65,134
20,8
23,43
140,129
11,16
7,39
3,141
6,141
46,219
56,117
63,271
10,10
45,74
10,138
22,277
2,166
114,68
21,56
13,152
11,0
21,56
23,496
3,112
10,270
19,233
1,18
16,102
1,2
28,46
5,62
75,304
4,15
16,10
124,366
11,281
2,14
68,295
32,38
62,20
8,175
40,67
16,164
11,55
104,22
1,7
12,399
63,121
22,339
15,342
85,302
160,227
12,121
9,25
14,394
107,372
26,186
41,260
1,41
139,90
11,183
7,31
41,100
14,326
20,66
1,8
64,80
54,382
58,285
11,229
53,30
14,139
162,227
9,1
9,320
15,255
4,50
1,4
27,224
4,274
1,2
22,281
5,264
17,270
5,189
32,10
13,2
21,179
33,308
13,210
8,261
99,134
54,293
51,6
22,320
20,228
71,163
25,3
36,59
16,252
5,12
24,217
15,152
63,65
13,255
8,22
9,362
5,375
158,105
191,112
13,36
12,145
56,59
12,233
6,256
1,2
29,364
14,237
3,8
21,33
20,188
69,258
24,191
26,24
23,170
63,93
38,50
4,72
1,7
35,179
19,326
28,29
14,275
169,191
13,164
2,2
125,307
15,147
6,318
29,128
6,166
167,63
22,379
11,392
1,27
7,24
11,130
5,57
26,129
4,374
52,1
37,27
47,246
10,429
63,151
47,69
18,322
2,27
124,137
9,252
18,50
42,307
2,168
12,81
125,275
12,22
84,3
2,1
28,328
94,232
11,133
28,99
24,417
27,188
11,247
29,345
44,43
71,188
73,196
30,389
185,21
179,122
1,2
63,326
112,25
29,377
1,1
11,31
3,55
44,83
35,385
18,282
14,350
26,154
41,48
5,122
8,54
65,178
66,2
39,179
3,66
21,286
8,245
28,1
80,1
12,145
85,306
13,299
104,161
43,193
15,11
19,56
17,69
11,219
15,156
65,221
27,39
10,224
11,24
26,22
2,130
9,148
26,39
46,426
5,211
10,124
136,1
30,484
7,248
1,1
16,219
28,259
17,271
25,422
17,68
63,167
9,77
19,140
9,56
52,1
8,136
1,11
18,279
33,278
19,264
21,228
48,172
21,197
17,38
4,17
99,57
22,9
24,440
15,63
16,245
3,215
5,61
65,172
36,75
10,228
18,24
63,12
12,6
30,97
1,1
1,1
107,53
4,1
22,27
0,15
3,9
14,263
13,261
3,19
34,310
12,207
16,484
11,185
26,397
17,226
11,387
5,191
35,400
22,79
20,55
2,149
17,70
1,7
13,135
110,421
5,275
38,302
50,48
15,253
1,34
24,43
54,267
64,362
81,22
40,51
6,250
6,66
20,117
66,236
85,243
32,263
19,9
50,53
16,91
192,156
32,62
14,257
18,192
12,228
6,211
34,209
15,414
21,74
12,94
33,210
22,6
15,37
19,10
46,243
172,235
48,205
38,85
1,28
55,138
139,10
8,110
2,2
1,34
7,223
38,163
160,176
7,14
28,282
19,392
23,14
51,52
15,123
136,274
9,205
19,55
7,168
14,112
15,237
14,185
65,215
24,246
187,226
19,297
162,116
78,406
93,238
1,78
38,64
9,74
58,1
46,465
34,475
31,172
7,136
28,418
82,356
65,87
82,275
26,78
8,227
28,60
13,325
76,7
21,99
52,1
5,60
15,48
111,393
6,45
28,245
52,1
8,243
25,60
34,272
8,177
30,212
52,1
6,306
21,67
23,239
10,94
5,284
9,83
8,18
7,152
38,443
5,263
168,160
46,176
105,10
10,473
136,5
2,2
4,90
54,7
22,4
18,149
22,152
16,473
19,263
10,216
12,23
39,336
15,298
6,14
72,355
20,237
9,111
22,223
43,224
16,8
134,7
17,34
95,210
26,200
24,22
28,80
25,53
2,33
15,392
18,170
158,367
37,491
13,328
88,26
5,4
34,112
8,52
3,10
1,1
13,247
21,253
63,141
67,1
7,193
48,294
1,19
1,7
81,77
82,285
6,90
49,256
51,159
4,43
132,135
84,21
5,83
7,187
77,74
147,339
31,255
86,129
23,141
66,178
12,167
3,21
33,417
14,480
16,49
17,366
28,251
9,219
138,346
16,119
22,35
7,457
65,130
95,181
134,26
195,64
15,185
16,12
15,294
16,25
5,131
66,272
13,166
17,403
8,307
6,38
18,17
76,14
14,278
7,184
16,80
5,96
5,109
21,42
17,258
27,40
29,10
37,61
62,130
70,148
1,12
20,412
11,269
10,107
101,5
121,128
116,109
10,189
18,63
3,20
15,170
39,53
10,84
4,100
6,47
8,31
34,37
20,32
107,334
4,108
4,26
80,27
13,45
1,1
37,66
112,28
4,1
6,50
2,40
59,94
14,333
36,18
19,2
11,140
34,150
43,303
96,28
15,268
14,51
13,414
9,94
1,7
16,407
1,21
78,18
45,152
11,103
1,15
21,102
30,296
1,19
15,12
24,233
14,122
47,79
37,199
24,215
4,255
37,20
40,422
14,89
68,170
54,352
6,192
2,1
62,191
29,1
15,19
22,151
1,1
191,135
17,180
19,363
23,123
113,321
100,154
10,128
29,229
63,215
4,99
65,204
71,97
13,481
63,200
4,198
46,205
36,281
33,137
29,34
1,7
19,355
21,343
3,311
24,14
36,157
95,216
120,130
52,42
1,6
21,68
21,37
41,344
151,165
9,8
28,255
28,300
18,213
9,351
26,46
74,280
1,1
16,298
14,325
138,200
4,202
13,173
5,7
101,4
50,38
1,8
9,325
17,240
10,321
21,37
21,45
13,492
26,201
30,445
142,2
55,463
1,7
55,154
21,201
64,214
10,184
81,2
1,100
133,1
9,147
34,384
60,326
67,179
4,30
3,104
4,22
37,429
15,272
151,197
64,47
28,119
24,242
1,10
4,22
19,100
9,96
10,234
17,93
2,2
123,200
18,194
2,22
5,93
38,410
11,468
2,2
27,117
23,236
11,322
3,182
10,222
16,114
14,89
10,42
9,150
14,362
33,52
76,52
4,1
187,207
17,329
2,37
54,148
3,11
48,2
1,50
23,404
20,158
5,146
70,313
83,62
1,35
19,209
3,91
17,55
6,7
26,162
10,53
9,64
67,2
24,14
19,50
46,8
16,301
42,493
57,35
7,206
8,17
20,69
18,105
6,78
36,260
32,35
2,14
8,20
8,136
31,123
185,358
62,210
7,1
31,75
141,314
6,197
7,158
53,144
105,280
23,4
158,171
3,4
66,210
7,104
11,181
175,213
1,7
32,321
1,1
35,159
25,14
103,255
25,20
24,34
23,497
37,21
27,43
18,75
39,280
49,74
3,10
13,465
1,2
10,177
7,49
17,13
13,440
16,314
63,350
2,4
21,10
128,40
61,357
25,27
5,185
6,10
27,92
16,77
62,182
25,1
9,310
23,74
29,43
15,228
7,346
2,5
15,339
5,482
130,207
26,405
80,340
54,250
62,245
1,188
30,117
24,362
2,207
20,175
9,91
17,176
5,43
39,293
6,48
11,260
51,1
21,14
35,24
57,151
94,37
86,30
26,48
7,49
22,28
15,299
11,8
4,1
14,231
52,1
2,6
12,241
45,384
10,87
9,7
1,34
14,110
1,14
64,39
2,59
8,105
3,53
18,56
3,7
23,235
24,261
25,218
122,453
49,297
13,18
2,1
1,1
4,58
16,32
7,245
18,21
1,27
52,1
39,183
8,213
17,2
19,20
15,222
11,105
11,65
9,170
20,312
19,15
1,22
18,48
13,357
27,282
12,254
17,71
66,2
7,288
14,345
9,160
4,196
26,59
37,237
7,87
25,194
161,415
142,374
1,2
26,262
56,7
11,62
105,446
103,5
12,98
7,33
2,20
30,2
5,246
52,1
66,298
16,210
90,300
6,258
6,20
11,164
15,478
37,106
23,460
31,110
53,16
61,3
17,226
15,164
7,5
24,59
14,50
16,83
26,221
48,231
19,65
14,299
98,431
3,7
13,163
101,150
8,227
1,1
38,1
36,183
141,199
1,23
7,414
23,61
31,134
146,7
4,191
21,29
41,162
4,6
52,1
40,192
4,6
27,64
67,228
22,242
175,28
52,1
117,49
22,134
3,7
42,290
60,1
66,122
192,1
5,222
3,2
3,187
1,2
61,241
18,151
21,1
24,25
4,26
62,1
12,434
10,198
12,413
21,43
1,1
155,271
79,191
5,85
36,35
56,67
66,364
9,176
1,6
14,13
28,29
6,209
8,121
11,6
48,86
6,71
146,48
159,140
135,2
19,261
14,116
25,151
1,9
4,126
5,75
60,31
2,30
12,74
5,215
28,129
7,44
39,267
1,31
1,1
15,136
12,13
7,28
3,16
145,238
1,1
8,273
7,48
5,61
64,318
66,1
23,238
127,72
1,90
9,251
17,348
36,26
35,400
8,144
12,285
38,426
37,51
45,56
16,457
6,125
60,4
1,1
49,27
17,246
8,53
17,350
25,221
2,6
21,121
14,180
22,12
4,215
18,307
35,62
33,333
62,492
18,235
18,304
12,207
52,1
14,314
20,51
12,280
17,133
20,42
9,151
7,35
52,1
15,116
5,63
64,233
22,61
35,151
44,194
26,165
1,12
40,21
22,145
22,56
6,142
21,331
158,20
57,134
15,18
20,276
14,379
22,6
84,2
127,202
17,84
11,291
29,89
1,41
4,9
7,6
10,44
5,26
22,219
34,385
151,183
16,137
14,222
21,7
4,7
1,5
1,2
18,350
1,7
67,420
20,250
13,195
34,94
7,197
17,14
7,230
62,206
20,10
8,30
8,248
9,1
22,358
5,5
1,1
7,306
8,54
31,209
88,385
167,120
23,345
10,106
13,460
11,327
94,392
182,126
47,429
15,267
75,360
6,14
121,393
88,428
111,99
62,3
20,4
1,1
122,62
34,414
12,43
12,103
63,421
4,16
8,16
6,191
7,113
1,1
14,286
5,50
8,177
2,2
64,154
12,60
1,1
12,234
8,11
69,247
8,159
30,163
64,61
22,121
11,171
14,401
21,142
3,3
59,452
87,309
7,38
33,25
51,66
11,346
65,215
70,117
14,282
14,203
16,15
8,293
23,63
52,14
63,132
62,208
123,308
65,166
17,300
77,79
76,279
12,382
70,22
6,258
112,27
7,28
20,20
59,1
25,344
29,274
25,59
5,15
10,110
2,38
174,0
13,238
173,165
16,68
10,22
16,446
3,10
20,232
93,397
22,43
16,284
5,216
13,244
10,415
63,288
5,107
28,242
18,143
20,320
2,2
6,238
9,151
15,84
13,453
5,65
2,15
171,417
40,210
155,183
12,37
127,52
14,206
60,1
11,243
21,11
1,1
17,219
11,356
65,140
72,111
39,297
1,1
12,75
24,257
6,41
156,22
135,115
15,104
63,363
4,4
7,3
18,123
4,147
37,253
15,122
20,13
52,109
7,232
62,25
33,67
23,363
7,442
13,212
52,1
6,45
34,31
14,386
174,15
14,297
17,160
100,32
2,54
1,5
3,3
21,8
4,151
1,7
7,125
5,194
18,154
43,188
63,3
1,1
1,31
1,97
16,359
13,148
19,175
52,1
26,76
2,136
64,222
18,95
7,244
52,1
18,169
34,213
8,214
4,202
15,222
34,53
25,43
7,72
128,42
64,376
24,190
9,368
34,97
12,24
28,80
76,48
63,98
21,88
13,230
5,62
18,38
132,219
13,207
116,54
8,69
7,52
57,72
7,24
10,44
97,206
6,82
14,261
19,389
18,16
37,188
40,409
38,65
64,179
9,33
20,11
1,82
7,61
22,63
14,76
7,181
15,389
63,236
3,36
35,273
13,375
61,97
9,193
22,265
9,150
20,31
6,10
20,46
1,101
10,74
4,3
23,25
31,25
65,219
3,42
6,59
1,42
145,47
12,318
14,475
14,68
17,348
105,62
12,7
4,119
65,121
21,35
192,44
62,272
40,87
5,113
3,403
5,5
63,178
6,151
92,87
5,223
24,21
2,245
14,101
23,11
8,94
14,6
7,106
19,52
32,1
1,97
14,61
1,7
69,83
6,160
9,141
3,221
1,1
18,14
8,141
121,94
6,31
15,96
4,52
1,7
6,230
5,191
3,24
10,160
58,262
5,13
3,5
20,67
3,14
190,144
7,210
25,242
20,359
5,34
8,320
7,355
12,32
2,193
15,91
6,88
12,209
17,57
14,375
20,40
48,286
24,295
8,36
15,156
163,1
1,22
32,18
3,189
26,320
133,134
92,11
34,205
34,281
1,55
116,290
16,108
15,163
69,41
23,51
58,52
5,49
11,212
89,276
19,133
16,18
19,265
161,394
11,81
29,7
52,1
9,1
73,462
24,11
7,61
5,55
10,91
4,1
7,241
1,5
29,296
20,222
184,21
16,53
38,246
56,68
10,295
139,132
64,11
61,192
11,291
22,90
26,54
9,305
1,7
5,168
1,1
176,391
6,154
13,35
19,35
24,117
5,43
11,29
26,93
14,78
26,13
6,178
37,52
24,24
54,51
26,92
5,259
9,278
8,83
5,30
149,292
180,8
17,75
28,20
77,29
1,1
136,392
31,191
106,372
83,179
14,174
46,266
18,28
63,62
46,182
10,80
83,63
170,17
9,84
24,20
108,390
20,10
16,28
52,1
6,267
68,13
23,114
97,62
22,24
10,30
19,11
51,8
24,41
9,157
10,103
1,5
64,264
1,158
13,388
8,19
65,159
52,1
15,241
48,260
15,34
1,1
22,165
5,270
50,62
17,13
39,84
2,79
8,260
31,9
44,71
11,75
40,45
8,121
17,100
67,75
47,368
158,234
23,19
165,74
15,354
36,291
11,321
8,60
64,310
10,264
8,38
51,318
36,13
3,42
24,5
4,15
64,101
11,109
9,56
1,61
12,246
10,193
29,283
21,56
13,15
26,242
8,234
9,45
46,372
57,169
21,292
11,149
4,8
15,59
7,12
4,7
16,82
1,5
6,236
20,23
1,88
63,194
2,16
35,440
42,333
3,2
30,282
156,156
73,14
81,78
41,443
37,303
5,359
6,102
32,272
11,155
17,111
90,41
10,15
3,19
23,498
12,222
93,181
16,36
4,70
17,55
17,310
4,99
1,2
4,270
15,71
115,0
3,71
21,245
13,335
30,373
21,159
3,61
5,114
8,188
23,177
12,291
3,103
6,296
33,31
177,491
157,431
6,182
10,216
9,227
11,293
7,118
6,218
84,211
8,155
3,154
19,14
19,92
18,12
17,243
10,210
15,264
15,291
12,105
16,261
10,11
33,478
1,1
28,37
33,68
21,46
3,15
117,85
49,359
17,264
13,55
111,201
175,337
1,1
21,63
11,371
1,7
16,472
5,314
67,173
19,353
5,49
7,1
9,4
10,351
1,18
4,22
25,348
13,79
6,37
143,63
5,10
193,89
67,52
1,6
14,170
11,247
13,220
9,149
33,20
2,105
36,56
10,47
12,84
180,9
14,378
12,130
1,196
52,1
98,71
17,7
18,39
30,439
26,200
19,24
30,263
4,59
5,259
52,1
7,268
12,43
13,270
24,381
178,87
26,396
84,90
24,19
19,194
19,217
2,38
23,12
10,366
6,173
3,206
22,282
1,1
20,139
4,5
107,10
12,46
125,150
8,172
8,341
12,337
9,176
32,176
4,19
22,177
59,15
58,4
17,13
14,7
6,47
1,1
9,80
18,266
16,17
65,248
47,78
17,331
33,369
21,264
192,329
3,87
121,19
9,141
66,208
48,173
40,312
61,233
13,136
12,295
17,60
4,29
30,81
7,12
2,3
194,91
50,337
23,9
40,72
1,3
15,297
4,1
119,472
11,87
69,111
11,36
27,334
91,319
175,3
14,322
14,29
3,47
49,491
62,168
42,59
65,131
58,312
18,478
19,144
14,11
15,245
5,26
22,141
9,8
83,306
120,102
64,393
103,12
52,1
88,256
22,54
20,373
62,115
63,31
17,43
34,349
39,291
1,7
104,92
23,276
17,1
3,190
24,221
23,190
2,33
5,102
14,246
14,455
58,182
23,127
125,131
90,310
1,5
23,380
6,217
30,396
35,486
24,36
30,14
9,323
13,226
107,401
18,142
50,1
3,261
95,363
26,185
4,11
116,85
21,44
29,148
42,123
161,389
7,164
5,135
4,46
19,93
45,94
14,185
37,19
171,152
14,403
9,156
1,275
157,2
1,3
58,56
12,352
50,315
62,119
9,11
10,22
65,1
25,315
2,21
13,15
64,202
13,195
26,58
14,222
51,58
13,230
6,73
1,14
77,90
9,341
23,441
16,178
10,108
23,78
36,27
22,7
177,327
178,240
12,190
14,37
67,209
97,73
129,247
1,1
5,82
29,487
21,141
22,339
27,217
16,156
10,82
11,60
10,47
19,210
2,128
5,170
8,98
23,26
8,90
11,90
44,153
5,54
167,46
8,79
64,342
49,45
62,190
35,73
20,13
25,216
6,22
1,7
29,314
20,197
22,312
20,130
6,116
143,324
12,80
23,204
31,58
20,62
10,175
46,178
13,190
37,28
21,489
25,13
14,290
145,71
12,152
10,189
1,2
1,44
95,143
116,31
4,5
72,239
64,236
6,225
95,409
134,40
13,465
15,346
15,188
12,176
87,211
67,168
20,90
6,298
99,86
10,6
4,296
12,46
8,170
67,212
5,184
6,254
66,141
45,416
21,148
14,247
46,1
61,200
8,72
10,148
12,346
21,249
5,38
66,168
23,413
93,54
13,235
13,110
24,163
5,50
30,169
4,146
9,1
29,73
142,62
25,190
20,82
72,345
57,41
4,77
56,52
97,56
1,1
1,86
19,338
10,253
123,14
125,246
22,138
106,76
45,72
20,251
63,267
19,188
52,1
10,175
19,443
14,326
31,315
13,360
1,1
25,385
11,207
17,256
88,3
63,112
35,45
8,231
4,76
10,57
10,244
25,51
9,42
64,309
6,42
186,40
16,19
10,25
13,246
77,248
2,7
7,60
59,396
5,216
22,314
78,1
42,448
10,35
18,16
47,94
31,82
27,200
21,41
63,117
60,79
1,7
10,205
12,177
8,66
5,49
20,220
31,200
65,159
7,57
54,252
54,461
20,43
52,1
52,1
35,88
48,459
14,422
20,2
9,234
94,461
28,369
7,17
37,125
54,369
100,349
16,311
66,160
61,226
7,144
9,289
49,133
124,10
92,4
62,348
14,4
9,128
7,168
46,265
14,291
42,7
16,150
37,301
14,60
24,111
4,16
10,123
194,285
3,37
7,6
5,51
53,455
52,1
1,46
67,210
10,330
26,3
13,275
47,48
99,89
99,78
7,320
76,7
13,311
29,200
39,43
40,22
15,30
66,177
34,70
9,129
52,1
14,80
86,70
7,213
45,1
12,201
3,8
14,225
106,274
11,313
118,49
54,124
12,141
1,45
15,199
9,61
18,163
14,323
7,321
13,144
52,1
25,184
1,7
70,154
2,208
6,9
184,10
12,34
134,2
17,281
109,55
13,181
9,8
13,201
11,39
7,77
17,113
13,308
95,7
13,49
8,79
70,12
48,421
4,40
22,39
14,291
9,98
9,96
8,12
8,237
6,152
19,382
25,490
10,77
1,6
8,217
50,235
24,301
62,225
4,166
96,214
199,147
11,86
13,239
9,137
53,351
52,1
3,5
70,375
15,291
64,199
46,377
64,350
66,214
5,65
16,115
1,32
5,203
6,154
61,1
5,12
14,309
57,91
63,235
1,31
4,66
21,23
86,113
1,14
63,233
8,207
189,303
1,45
16,91
15,308
52,1
41,52
197,49
22,195
124,24
26,186
4,240
143,56
19,163
1,32
43,95
9,255
13,114
43,132
1,2
5,58
11,188
36,335
14,69
32,152
63,147
23,8
14,7
127,269
16,120
8,69
5,59
63,180
178,156
167,8
37,163
17,186
80,99
6,104
10,243
4,137
52,176
20,351
4,24
11,10
7,12
83,29
16,127
8,251
19,258
35,164
86,117
1,1
54,210
150,99
14,220
89,70
1,53
37,31
81,30
32,164
194,108
111,55
22,141
15,241
36,48
2,70
96,396
84,264
16,256
32,301
4,182
62,225
15,441
6,38
54,296
9,161
6,186
47,214
54,382
13,150
144,184
3,50
75,3
187,84
26,322
7,14
70,278
22,95
80,1
21,241
124,86
123,36
1,3
12,5
113,54
6,111
95,311
6,333
4,98
62,187
55,354
7,243
33,354
62,3
15,162
7,254
27,158
8,264
17,416
20,6
192,124
6,93
6,309
170,1
18,231
25,260
5,117
41,279
13,370
33,413
23,56
1,26
64,292
87,36
30,28
22,326
23,73
14,307
39,28
19,10
7,101
15,1
31,240
76,330
13,276
15,343
110,326
34,31
1,6
25,80
55,199
13,64
5,336
1,1
5,20
27,63
18,165
9,198
6,148
28,249
18,29
18,164
7,184
19,44
8,56
8,109
13,403
20,188
40,73
80,1
10,153
28,258
1,14
22,75
52,1
26,110
4,32
172,47
5,79
167,183
57,239
52,57
15,341
87,89
1,6
134,25
10,4
16,351
17,46
6,18
52,1
33,24
2,6
50,94
4,38
15,206
4,228
14,353
49,83
7,419
61,123
29,187
17,66
53,166
22,311
71,329
137,86
5,217
37,187
1,5
3,189
5,78
26,265
14,304
15,74
8,2
9,157
31,263
11,12
12,406
6,106
79,394
151,45
23,18
66,68
10,383
14,239
13,395
12,60
16,266
7,144
25,152
5,15
8,97
1,2
6,144
11,160
2,12
17,366
8,57
14,212
15,10
2,53
15,1
9,163
10,73
30,353
29,164
168,8
119,16
126,7
17,4
21,374
67,134
15,333
74,206
8,118
52,341
16,10
25,224
119,38
19,43
20,343
19,382
1,7
13,280
11,194
24,189
69,161
14,283
4,109
16,62
60,37
21,136
42,263
26,303
4,19
8,252
18,489
21,86
12,8
177,64
40,207
17,24
16,189
104,11
11,248
7,13
17,319
9,61
22,232
4,1
15,262
88,2
142,174
8,8
1,7
19,14
1,293
88,104
22,326
21,30
49,12
15,108
6,230
21,105
14,304
12,14
33,51
64,185
143,461
49,302
2,7
16,41
24,18
1,6
31,142
9,407
80,370
8,282
9,42
135,254
41,471
30,244
61,48
23,230
21,7
127,91
16,49
35,279
4,26
1,19
7,8
16,447
186,6
5,187
6,86
145,109
11,286
3,88
17,186
14,179
26,320
1,205
194,222
114,362
4,20
7,291
8,139
2,168
44,60
11,202
13,335
14,36
23,313
8,108
8,12
46,373
31,458
58,344
17,21
34,96
11,11
46,225
61,1
17,134
49,199
97,21
6,93
17,13
11,298
11,243
13,331
74,161
186,22
6,47
5,37
20,139
41,77
14,50
20,191
138,176
167,31
15,261
16,334
37,13
22,83
16,305
7,93
9,262
5,154
6,8
98,369
13,147
8,191
23,160
32,45
84,69
9,102
18,145
3,45
8,51
8,256
1,33
1,1
66,141
8,115
32,421
52,1
35,109
41,200
5,246
107,8
3,1
71,170
40,196
51,51
17,178
19,71
63,144
30,170
26,434
20,281
24,47
42,6
30,282
11,57
8,59
5,1
26,25
20,56
17,185
8,301
8,7
15,216
52,176
22,20
1,26
64,198
1,32
81,35
5,24
21,180
3,486
5,5
11,236
8,260
26,93
177,146
76,256
63,360
63,202
47,75
35,250
33,292
52,1
79,1
59,1
1,219
18,65
109,97
3,36
179,16
152,184
12,188
7,91
8,125
10,356
16,115
18,73
33,18
6,74
65,214
17,236
13,190
19,128
8,247
76,27
4,147
26,45
29,114
5,39
91,91
51,12
28,112
11,211
151,216
16,288
31,260
11,244
4,198
47,46
60,275
3,66
16,296
1,7
27,300
8,14
48,7
24,7
66,60
194,91
31,41
16,139
20,75
6,84
19,337
15,11
22,188
20,274
11,96
148,337
32,115
8,191
3,6
174,99
52,1
192,183
1,1
17,9
62,3
47,239
9,218
19,23
45,7
5,54
8,121
13,299
27,210
138,63
6,28
45,73
13,290
12,130
57,54
112,271
13,451
1,1
179,90
69,205
68,225
16,91
1,4
23,46
61,87
21,69
1,34
30,15
13,448
109,78
1,46
15,8
8,92
119,186
40,15
7,27
18,284
23,211
26,8
37,16
36,448
1,1
9,6
4,11
89,69
91,45
16,259
7,54
14,1
7,26
6,154
18,41
8,246
10,220
4,198
174,62
10,271
64,165
8,70
21,375
19,272
23,19
16,24
14,12
14,51
7,47
66,1
8,27
50,51
6,26
1,1
147,338
1,18
16,3
62,301
85,8
24,116
4,195
16,266
63,195
35,98
59,74
141,69
24,288
11,11
15,200
22,282
115,111
31,191
6,25
80,47
20,20
12,227
20,20
31,68
3,68
7,47
74,277
33,296
36,115
65,131
22,257
5,103
49,313
158,78
65,153
8,114
122,47
8,123
9,180
49,172
27,30
28,74
14,291
15,37
35,48
7,211
5,85
6,202
10,4
14,76
18,353
47,228
38,72
16,118
163,267
5,25
5,6
120,372
20,255
7,60
14,10
20,300
21,222
7,130
169,236
21,97
10,165
1,1
6,109
28,163
141,222
84,1
15,451
30,41
7,70
26,120
17,287
186,72
44,107
27,116
5,144
18,63
11,67
17,10
22,74
52,414
120,129
47,54
4,167
77,398
19,231
187,288
13,347
11,61
40,82
24,153
81,235
37,59
3,22
15,420
3,15
29,64
32,260
4,62
54,199
1,82
14,219
33,473
11,32
1,1
158,1
28,259
50,156
15,236
25,339
43,469
57,266
16,208
16,290
55,52
30,268
49,134
145,155
16,172
2,27
50,279
16,106
46,452
9,177
8,83
14,180
6,56
11,102
18,313
1,1
21,395
23,119
1,13
62,293
35,54
145,20
52,1
133,9
67,206
30,422
47,205
20,423
7,158
14,325
63,266
15,261
21,78
8,67
8,278
8,47
7,20
1,22
192,154
17,80
180,136
51,333
13,57
13,6
1,7
74,72
22,252
3,46
67,223
45,56
52,1
17,207
106,466
11,147
48,381
4,40
6,35
13,158
3,32
6,45
6,37
21,32
24,50
16,127
14,304
34,293
186,33
24,57
1,5
133,1
41,1
11,69
4,79
35,30
38,186
52,1
7,296
1,88
140,1
13,328
22,23
99,206
1,1
9,65
15,177
195,8
13,203
10,97
23,363
11,24
3,37
2,5
187,244
13,205
39,125
9,217
9,51
40,14
52,1
88,309
101,81
1,1
6,18
185,69
133,281
56,31
150,36
33,373
6,9
12,21
64,207
1,7
65,390
62,4
23,315
21,20
12,305
7,56
14,370
28,178
99,157
20,14
92,62
21,30
47,25
1,2
11,150
78,94
52,1
186,8
35,459
21,132
23,272
8,64
5,89
16,287
153,116
19,391
1,22
10,19
10,75
52,1
45,121
11,306
1,20
18,208
5,155
24,38
131,109
46,17
13,109
21,251
21,164
37,1
3,8
76,140
7,152
16,88
19,44
11,73
26,263
81,62
4,21
1,1
6,29
27,205
34,337
9,13
6,217
19,8
140,460
24,16
20,398
34,147
63,11
8,80
20,196
4,31
10,167
6,65
98,87
22,270
64,3
57,250
23,67
24,27
18,141
10,244
1,7
18,211
6,196
16,349
28,88
5,125
23,222
170,109
15,178
20,15
7,158
30,193
52,1
19,356
52,1
39,35
23,202
9,82
23,195
6,277
62,198
16,99
50,93
4,33
70,14
52,1
33,412
60,87
28,112
31,321
8,205
12,116
14,441
28,210
16,90
21,209
2,253
1,1
23,14
36,45
6,114
20,200
37,31
17,12
128,135
29,204
10,237
4,66
12,168
74,1
67,207
20,499
6,166
7,40
