,Batch Id,batch_num_prefill_tokens
0,0,128
1,1,128
2,2,128
3,3,128
4,4,0
5,5,128
6,6,128
7,7,128
8,8,128
9,9,0
10,10,0
11,11,0
12,12,0
13,13,0
14,14,0
15,15,0
16,16,0
17,17,0
18,18,0
19,19,0
20,20,0
21,21,0
22,22,0
23,23,0
24,24,0
25,25,0
26,26,0
27,27,0
28,28,0
29,29,0
30,30,0
31,31,128
32,32,128
33,33,384
34,34,384
35,35,256
36,36,256
37,37,0
38,38,0
39,39,0
40,40,0
41,41,0
42,42,0
43,43,128
44,44,128
45,45,128
46,46,256
47,47,128
48,48,128
49,49,128
50,50,0
51,51,0
52,52,0
53,53,0
54,54,0
55,55,0
56,56,0
57,57,0
58,58,0
59,59,0
60,60,0
61,61,128
62,62,128
63,63,128
64,64,128
65,65,0
66,66,0
67,67,0
68,68,0
69,69,0
70,70,0
71,71,0
72,72,0
73,73,0
74,74,0
75,75,0
76,76,0
77,77,0
78,78,256
79,79,256
80,80,256
81,81,256
82,82,0
83,83,0
84,84,0
85,85,0
86,86,0
87,87,0
88,88,0
89,89,0
90,90,0
91,91,0
92,92,0
93,93,0
94,94,0
95,95,0
96,96,0
97,97,0
98,98,0
99,99,128
100,100,128
101,101,256
102,102,256
103,103,128
104,104,128
105,105,0
106,106,128
107,107,256
108,108,256
109,109,256
110,110,128
111,111,0
112,112,0
113,113,0
114,114,0
115,115,0
116,116,0
117,117,0
118,118,0
119,119,0
120,120,0
121,121,0
122,122,128
123,123,128
124,124,128
125,125,128
126,126,0
127,127,0
128,128,0
129,129,0
130,130,0
131,131,0
132,132,0
133,133,0
134,134,0
135,135,0
136,136,0
137,137,0
138,138,0
139,139,0
140,140,0
141,141,0
142,142,0
143,143,0
144,144,128
145,145,128
146,146,128
147,147,128
148,148,0
149,149,0
150,150,0
151,151,0
152,152,0
153,153,0
154,154,0
155,155,0
156,156,0
157,157,0
158,158,0
159,159,0
160,160,0
161,161,0
162,162,0
163,163,0
164,164,0
165,165,0
166,166,0
167,167,0
168,168,0
169,169,0
170,170,0
171,171,0
172,172,0
173,173,0
174,174,0
175,175,0
176,176,0
177,177,0
178,178,0
179,179,0
180,180,0
181,181,0
182,182,0
183,183,0
184,184,0
185,185,0
186,186,0
187,187,0
188,188,0
189,189,0
190,190,0
191,191,0
192,192,0
193,193,0
194,194,0
195,195,0
196,196,0
197,197,0
198,198,0
199,199,0
200,200,0
201,201,0
202,202,0
203,203,0
204,204,0
205,205,0
206,206,0
207,207,0
208,208,0
209,209,128
210,210,128
211,211,128
212,212,128
213,213,0
214,214,0
215,215,0
216,216,0
217,217,0
218,218,0
219,219,0
220,220,0
221,221,128
222,222,128
223,223,128
224,224,128
225,225,0
226,226,0
227,227,0
228,228,0
229,229,0
230,230,0
231,231,0
232,232,0
233,233,0
234,234,0
235,235,0
236,236,128
237,237,128
238,238,128
239,239,128
240,240,0
241,241,0
242,242,0
243,243,0
244,244,0
245,245,0
246,246,0
247,247,0
248,248,0
249,249,256
250,250,256
251,251,256
252,252,384
253,253,128
254,254,128
255,255,256
256,256,128
257,257,128
258,258,256
259,259,128
260,260,128
261,261,128
262,262,128
263,263,128
264,264,128
265,265,256
266,266,128
267,267,128
268,268,128
269,269,0
270,270,0
271,271,0
272,272,0
273,273,0
274,274,0
275,275,0
276,276,0
277,277,0
278,278,0
279,279,0
280,280,0
281,281,0
282,282,0
283,283,0
284,284,0
285,285,0
286,286,0
287,287,0
288,288,0
289,289,0
290,290,0
291,291,0
292,292,0
293,293,0
294,294,0
295,295,0
296,296,0
297,297,0
298,298,0
299,299,0
300,300,0
301,301,0
302,302,0
303,303,0
304,304,0
305,305,0
306,306,128
307,307,128
308,308,128
309,309,128
310,310,0
311,311,0
312,312,0
313,313,0
314,314,0
315,315,0
316,316,0
317,317,0
318,318,128
319,319,128
320,320,128
321,321,128
322,322,0
323,323,0
324,324,0
325,325,0
326,326,0
327,327,0
328,328,0
329,329,0
330,330,0
331,331,0
332,332,0
333,333,0
334,334,0
335,335,0
336,336,128
337,337,128
338,338,128
339,339,128
340,340,0
341,341,128
342,342,128
343,343,128
344,344,128
345,345,0
346,346,0
347,347,0
348,348,0
349,349,0
350,350,0
351,351,0
352,352,0
353,353,0
354,354,0
355,355,128
356,356,128
357,357,128
358,358,128
359,359,0
360,360,0
361,361,0
362,362,0
363,363,0
364,364,0
365,365,0
366,366,0
367,367,0
368,368,0
369,369,0
370,370,128
371,371,128
372,372,128
373,373,128
374,374,0
375,375,0
376,376,0
377,377,0
378,378,0
379,379,0
380,380,0
381,381,0
382,382,0
383,383,0
384,384,0
385,385,0
386,386,0
387,387,0
388,388,0
389,389,256
390,390,256
391,391,256
392,392,384
393,393,128
394,394,128
395,395,128
396,396,0
397,397,0
398,398,0
399,399,0
400,400,0
401,401,0
402,402,0
403,403,0
404,404,0
405,405,0
406,406,0
407,407,0
408,408,0
409,409,0
410,410,0
411,411,0
412,412,0
413,413,0
414,414,0
415,415,0
416,416,0
417,417,0
418,418,0
419,419,0
420,420,0
421,421,0
422,422,0
423,423,0
424,424,0
425,425,0
426,426,0
427,427,128
428,428,128
429,429,128
430,430,128
431,431,128
432,432,128
433,433,128
434,434,128
435,435,128
436,436,128
437,437,128
438,438,128
439,439,0
440,440,0
441,441,0
442,442,128
443,443,128
444,444,128
445,445,256
446,446,128
447,447,256
448,448,256
449,449,128
450,450,128
451,451,0
452,452,0
453,453,0
454,454,0
455,455,0
456,456,0
457,457,0
458,458,0
459,459,0
460,460,0
461,461,0
462,462,0
463,463,0
464,464,0
465,465,0
466,466,0
467,467,0
468,468,0
469,469,0
470,470,0
471,471,0
472,472,0
473,473,0
474,474,128
475,475,128
476,476,256
477,477,256
478,478,128
479,479,128
480,480,0
481,481,0
482,482,0
483,483,256
484,484,256
485,485,256
486,486,256
487,487,0
488,488,0
489,489,0
490,490,0
491,491,0
492,492,128
493,493,128
494,494,128
495,495,128
496,496,0
497,497,0
498,498,128
499,499,128
500,500,128
501,501,128
502,502,128
503,503,128
504,504,128
505,505,128
506,506,0
507,507,0
508,508,0
509,509,128
510,510,128
511,511,128
512,512,128
513,513,0
514,514,0
515,515,0
516,516,0
517,517,0
518,518,0
519,519,0
520,520,0
521,521,0
522,522,0
523,523,0
524,524,0
525,525,0
526,526,0
527,527,0
528,528,0
529,529,0
530,530,0
531,531,128
532,532,128
533,533,128
534,534,128
535,535,0
536,536,0
537,537,0
538,538,0
539,539,0
540,540,0
541,541,0
542,542,0
543,543,0
544,544,128
545,545,128
546,546,128
547,547,128
548,548,0
549,549,0
550,550,0
551,551,128
552,552,128
553,553,128
554,554,128
555,555,0
556,556,0
557,557,0
558,558,0
559,559,0
560,560,0
561,561,128
562,562,128
563,563,128
564,564,128
565,565,0
566,566,128
567,567,128
568,568,128
569,569,128
570,570,0
571,571,0
572,572,0
573,573,0
574,574,0
575,575,0
576,576,0
577,577,0
578,578,0
579,579,0
580,580,0
581,581,0
582,582,0
583,583,0
584,584,0
585,585,0
586,586,0
587,587,0
588,588,0
589,589,0
590,590,0
591,591,0
592,592,0
593,593,0
594,594,0
595,595,0
596,596,0
597,597,0
598,598,128
599,599,128
600,600,128
601,601,256
602,602,256
603,603,256
604,604,256
605,605,128
606,606,0
607,607,0
608,608,0
609,609,0
610,610,0
611,611,0
612,612,0
613,613,0
614,614,0
615,615,0
616,616,0
617,617,0
618,618,0
619,619,0
620,620,0
621,621,0
622,622,128
623,623,128
624,624,128
625,625,128
626,626,0
627,627,0
628,628,0
629,629,0
630,630,0
631,631,128
632,632,128
633,633,256
634,634,256
635,635,128
636,636,128
637,637,0
638,638,0
639,639,128
640,640,128
641,641,128
642,642,128
643,643,0
644,644,0
645,645,128
646,646,128
647,647,128
648,648,256
649,649,128
650,650,128
651,651,128
652,652,0
653,653,0
654,654,0
655,655,0
656,656,0
657,657,0
658,658,0
659,659,0
660,660,0
661,661,0
662,662,0
663,663,0
664,664,0
665,665,0
666,666,0
667,667,0
668,668,0
669,669,0
670,670,0
671,671,0
672,672,0
673,673,128
674,674,128
675,675,128
676,676,128
677,677,0
678,678,0
679,679,0
680,680,0
681,681,0
682,682,0
683,683,0
684,684,0
685,685,0
686,686,0
687,687,0
688,688,0
689,689,256
690,690,256
691,691,256
692,692,256
693,693,0
694,694,0
695,695,0
696,696,0
697,697,0
698,698,0
699,699,0
700,700,0
701,701,0
702,702,0
703,703,0
704,704,0
705,705,0
706,706,0
707,707,0
708,708,0
709,709,0
710,710,0
711,711,0
712,712,0
713,713,0
714,714,128
715,715,128
716,716,128
717,717,128
718,718,128
719,719,128
720,720,128
721,721,128
722,722,0
723,723,0
724,724,0
725,725,0
726,726,0
727,727,0
728,728,0
729,729,0
730,730,128
731,731,256
732,732,256
733,733,256
734,734,128
735,735,0
736,736,128
737,737,128
738,738,128
739,739,128
740,740,0
741,741,0
742,742,0
743,743,0
744,744,0
745,745,0
746,746,0
747,747,0
748,748,0
749,749,0
750,750,0
751,751,0
752,752,0
753,753,128
754,754,256
755,755,256
756,756,256
757,757,128
758,758,0
759,759,0
760,760,0
761,761,0
762,762,0
763,763,0
764,764,128
765,765,128
766,766,256
767,767,256
768,768,128
769,769,128
770,770,0
771,771,0
772,772,0
773,773,0
774,774,128
775,775,128
776,776,128
777,777,128
778,778,0
779,779,128
780,780,128
781,781,256
782,782,256
783,783,128
784,784,128
785,785,0
786,786,128
787,787,128
788,788,256
789,789,256
790,790,128
791,791,128
792,792,0
793,793,0
794,794,128
795,795,128
796,796,128
797,797,128
798,798,0
799,799,0
800,800,0
801,801,0
802,802,0
803,803,0
804,804,0
805,805,0
806,806,0
807,807,0
808,808,0
809,809,0
810,810,0
811,811,0
812,812,256
813,813,256
814,814,256
815,815,256
816,816,0
817,817,0
818,818,0
819,819,128
820,820,256
821,821,256
822,822,256
823,823,128
824,824,0
825,825,128
826,826,128
827,827,128
828,828,128
829,829,0
830,830,0
831,831,0
832,832,0
833,833,0
834,834,0
835,835,0
836,836,128
837,837,256
838,838,256
839,839,256
840,840,256
841,841,128
842,842,128
843,843,128
844,844,128
845,845,128
846,846,128
847,847,128
848,848,0
849,849,0
850,850,0
851,851,128
852,852,256
853,853,256
854,854,384
855,855,384
856,856,256
857,857,256
858,858,256
859,859,128
860,860,256
861,861,256
862,862,128
863,863,128
864,864,0
865,865,0
866,866,0
867,867,0
868,868,0
869,869,0
870,870,0
871,871,0
872,872,0
873,873,0
874,874,0
875,875,0
876,876,0
877,877,128
878,878,128
879,879,128
880,880,128
881,881,0
882,882,0
883,883,0
884,884,0
885,885,0
886,886,0
887,887,0
888,888,0
889,889,0
890,890,256
891,891,256
892,892,256
893,893,256
894,894,0
895,895,0
896,896,0
897,897,0
898,898,0
899,899,0
900,900,0
901,901,128
902,902,128
903,903,128
904,904,128
905,905,0
906,906,0
907,907,0
908,908,0
909,909,0
910,910,0
911,911,0
912,912,0
913,913,0
914,914,0
915,915,0
916,916,0
917,917,128
918,918,256
919,919,384
920,920,512
921,921,384
922,922,256
923,923,128
924,924,0
925,925,0
926,926,0
927,927,0
928,928,0
929,929,0
930,930,0
931,931,0
932,932,0
933,933,0
934,934,0
935,935,0
936,936,0
937,937,0
938,938,0
939,939,0
940,940,0
941,941,0
942,942,0
943,943,0
944,944,128
945,945,128
946,946,128
947,947,128
948,948,0
949,949,0
950,950,0
951,951,0
952,952,0
953,953,128
954,954,128
955,955,128
956,956,256
957,957,128
958,958,128
959,959,128
960,960,0
961,961,0
962,962,0
963,963,0
964,964,0
965,965,0
966,966,0
967,967,0
968,968,0
969,969,0
970,970,0
971,971,0
972,972,0
973,973,0
974,974,0
975,975,0
976,976,0
977,977,0
978,978,0
979,979,0
980,980,0
981,981,0
982,982,0
983,983,0
984,984,0
985,985,0
986,986,0
987,987,0
988,988,0
989,989,128
990,990,128
991,991,128
992,992,128
993,993,0
994,994,0
995,995,0
996,996,128
997,997,128
998,998,256
999,999,256
1000,1000,128
1001,1001,128
1002,1002,128
1003,1003,128
1004,1004,128
1005,1005,128
1006,1006,0
1007,1007,0
1008,1008,0
1009,1009,0
1010,1010,128
1011,1011,128
1012,1012,128
1013,1013,128
1014,1014,128
1015,1015,128
1016,1016,128
1017,1017,128
1018,1018,0
1019,1019,0
1020,1020,0
1021,1021,0
1022,1022,0
1023,1023,0
1024,1024,0
1025,1025,128
1026,1026,128
1027,1027,128
1028,1028,128
1029,1029,0
1030,1030,0
1031,1031,0
1032,1032,0
1033,1033,0
1034,1034,0
1035,1035,0
1036,1036,0
1037,1037,0
1038,1038,0
1039,1039,0
1040,1040,0
1041,1041,0
1042,1042,0
1043,1043,0
1044,1044,128
1045,1045,256
1046,1046,256
1047,1047,256
1048,1048,128
1049,1049,0
1050,1050,0
1051,1051,128
1052,1052,256
1053,1053,384
1054,1054,384
1055,1055,256
1056,1056,128
1057,1057,0
1058,1058,128
1059,1059,128
1060,1060,128
1061,1061,128
1062,1062,128
1063,1063,128
1064,1064,128
1065,1065,128
1066,1066,0
1067,1067,0
1068,1068,0
1069,1069,0
1070,1070,0
1071,1071,0
1072,1072,0
1073,1073,0
1074,1074,0
1075,1075,0
1076,1076,0
1077,1077,0
1078,1078,128
1079,1079,128
1080,1080,128
1081,1081,128
1082,1082,0
1083,1083,0
1084,1084,0
1085,1085,128
1086,1086,128
1087,1087,256
1088,1088,256
1089,1089,256
1090,1090,256
1091,1091,128
1092,1092,128
1093,1093,0
1094,1094,0
1095,1095,0
1096,1096,128
1097,1097,128
1098,1098,128
1099,1099,128
1100,1100,128
1101,1101,128
1102,1102,128
1103,1103,128
1104,1104,0
1105,1105,0
1106,1106,0
1107,1107,0
1108,1108,0
1109,1109,0
1110,1110,0
1111,1111,0
1112,1112,0
1113,1113,0
1114,1114,0
1115,1115,0
1116,1116,0
1117,1117,0
1118,1118,0
1119,1119,0
1120,1120,0
1121,1121,0
1122,1122,0
1123,1123,0
1124,1124,0
1125,1125,0
1126,1126,0
1127,1127,0
1128,1128,0
1129,1129,0
1130,1130,0
1131,1131,0
1132,1132,128
1133,1133,256
1134,1134,256
1135,1135,256
1136,1136,128
1137,1137,0
1138,1138,0
1139,1139,0
1140,1140,0
1141,1141,0
1142,1142,0
1143,1143,0
1144,1144,0
1145,1145,0
1146,1146,0
1147,1147,0
1148,1148,128
1149,1149,128
1150,1150,128
1151,1151,128
1152,1152,0
1153,1153,0
1154,1154,0
1155,1155,0
1156,1156,0
1157,1157,0
1158,1158,0
1159,1159,0
1160,1160,128
1161,1161,256
1162,1162,256
1163,1163,256
1164,1164,128
1165,1165,0
1166,1166,0
1167,1167,128
1168,1168,128
1169,1169,128
1170,1170,128
1171,1171,0
1172,1172,0
1173,1173,0
1174,1174,0
1175,1175,0
1176,1176,0
1177,1177,0
1178,1178,0
1179,1179,0
1180,1180,0
1181,1181,0
1182,1182,0
1183,1183,0
1184,1184,0
1185,1185,0
1186,1186,0
1187,1187,0
1188,1188,0
1189,1189,0
1190,1190,0
1191,1191,256
1192,1192,256
1193,1193,384
1194,1194,384
1195,1195,128
1196,1196,128
1197,1197,0
1198,1198,0
1199,1199,0
1200,1200,0
1201,1201,0
1202,1202,0
1203,1203,0
1204,1204,0
1205,1205,0
1206,1206,0
1207,1207,0
1208,1208,0
1209,1209,0
1210,1210,0
1211,1211,0
1212,1212,128
1213,1213,128
1214,1214,128
1215,1215,128
1216,1216,0
1217,1217,0
1218,1218,0
1219,1219,0
1220,1220,0
1221,1221,0
1222,1222,0
1223,1223,0
1224,1224,128
1225,1225,128
1226,1226,128
1227,1227,128
1228,1228,0
1229,1229,0
1230,1230,0
1231,1231,0
1232,1232,0
1233,1233,0
1234,1234,0
1235,1235,0
1236,1236,0
1237,1237,0
1238,1238,0
1239,1239,128
1240,1240,128
1241,1241,128
1242,1242,128
1243,1243,0
1244,1244,0
1245,1245,0
1246,1246,0
1247,1247,0
1248,1248,0
1249,1249,0
1250,1250,0
1251,1251,0
1252,1252,256
1253,1253,256
1254,1254,256
1255,1255,384
1256,1256,128
1257,1257,128
1258,1258,256
1259,1259,128
1260,1260,128
1261,1261,256
1262,1262,128
1263,1263,128
1264,1264,128
1265,1265,128
1266,1266,128
1267,1267,128
1268,1268,256
1269,1269,128
1270,1270,128
1271,1271,128
1272,1272,0
1273,1273,0
1274,1274,0
1275,1275,0
1276,1276,0
1277,1277,0
1278,1278,0
1279,1279,0
1280,1280,0
1281,1281,0
1282,1282,0
1283,1283,0
1284,1284,0
1285,1285,0
1286,1286,0
1287,1287,0
1288,1288,0
1289,1289,0
1290,1290,0
1291,1291,0
1292,1292,0
1293,1293,0
1294,1294,0
1295,1295,0
1296,1296,0
1297,1297,0
1298,1298,0
1299,1299,0
1300,1300,0
1301,1301,0
1302,1302,0
1303,1303,0
1304,1304,0
1305,1305,0
1306,1306,0
1307,1307,0
1308,1308,0
1309,1309,128
1310,1310,128
1311,1311,128
1312,1312,128
1313,1313,0
1314,1314,0
1315,1315,0
1316,1316,0
1317,1317,0
1318,1318,0
1319,1319,0
1320,1320,0
1321,1321,128
1322,1322,128
1323,1323,128
1324,1324,128
1325,1325,0
1326,1326,0
1327,1327,0
1328,1328,0
1329,1329,0
1330,1330,0
1331,1331,0
1332,1332,0
1333,1333,0
1334,1334,0
